text,Cleanliness,Electrical,Infrastructure,Safety-Security,Staff,Catering,Medical,General
toilet very dirty,1,0,0,0,0,0,0,0
bad smell in washroom,1,0,0,0,0,0,0,0
garbage on coach floor,1,0,0,0,0,0,0,0
washroom not cleaned,1,0,0,0,0,0,0,0
cockroach in compartment,1,0,0,0,0,0,0,0
AC not cooling,0,1,0,0,0,0,0,0
fan not running,0,1,0,0,0,0,0,0
charging socket burnt,0,1,0,0,0,0,0,0
light not working,0,1,0,0,0,0,0,0
short circuit while charging,0,1,0,0,0,0,0,0
window glass cracked,0,0,1,0,0,0,0,0
door not closing properly,0,0,1,0,0,0,0,0
luggage rack broken,0,0,1,0,0,0,0,0
fight between passengers,0,0,0,1,0,0,0,0
harassment in coach,0,0,0,1,0,0,0,0
suspicious person roaming,0,0,0,1,0,0,0,0
drunk passenger shouting,0,0,0,1,0,0,0,0
staff not helping,0,0,0,0,1,0,0,0
attendant rude behaviour,0,0,0,0,1,0,0,0
ticket checker shouting,0,0,0,0,1,0,0,0
no response from railway staff,0,0,0,0,1,0,0,0
food quality bad,0,0,0,0,0,1,0,0
stale food served,0,0,0,0,0,1,0,0
water bottle expired,0,0,0,0,0,1,0,0
pantry not giving meal,0,0,0,0,0,1,0,0
need doctor urgently,0,0,0,0,0,0,1,0
chest pain emergency,0,0,0,0,0,0,1,0
injured passenger bleeding,0,0,0,0,0,0,1,0
medical help required,0,0,0,0,0,0,1,0
train running late,0,0,0,0,0,0,0,1
need platform information,0,0,0,0,0,0,0,1
seat confirmation query,0,0,0,0,0,0,0,1
where is my train,0,0,0,0,0,0,0,1
charging point not working and passenger threatening me,0,1,0,1,0,0,0,0
people fighting and AC not cooling,0,1,0,1,0,0,0,0
dirty toilet and water leaking near seat,1,0,1,0,0,0,0,0
staff not helping and passenger injured,0,0,0,0,1,0,1,0
food bad and staff rude,0,0,0,0,1,1,0,0
AC not cooling and fight in coach,0,1,0,1,0,0,0,0
charging socket not working and passenger threatening me,0,1,0,1,0,0,0,0
dirty toilet and broken washbasin,1,0,1,0,0,0,0,0
broken seat and AC not working,0,1,1,0,0,0,0,0
staff rude and food quality bad,0,0,0,0,1,1,0,0
pantry staff shouting and overcharging food,0,0,0,0,1,1,0,0
passenger injured and no staff helping,0,0,0,0,1,0,1,0
medical emergency and crowd creating chaos,0,0,0,1,0,0,1,0
thief stole bag and lights not working,0,1,0,1,0,0,0,0
train late and staff misbehaving,0,0,0,0,1,0,0,1
dirty coach and cockroach near seat,1,0,1,0,0,0,0,0
toilet leaking water and floor broken,1,0,1,0,0,0,0,0
AC very hot and passengers arguing loudly,0,1,0,1,0,0,0,0
no electricity and people fighting,0,1,0,1,0,0,0,0
passenger unconscious and staff ignoring,0,0,0,0,1,0,1,0
food expired and pantry staff rude,0,0,0,0,1,1,0,0
washroom dirty and tap broken,1,0,1,0,0,0,0,0
charging port sparking and luggage theft,0,1,0,1,0,0,0,0
child injured and crowd disturbance,0,0,0,1,0,0,1,0
seat broken and fan not working,0,1,1,0,0,0,0,0
sir bad smell in washroom,1,0,0,0,0,0,0,0
there is dirty toilet,1,0,0,0,0,0,0,0
complaint regarding cockroach in coach,1,0,0,0,0,0,0,0
facing problem: garbage on floor,1,0,0,0,0,0,0,0
please help garbage on floor,1,0,0,0,0,0,0,0
sir dirty toilet,1,0,0,0,0,0,0,0
facing problem: bad smell in washroom,1,0,0,0,0,0,0,0
there is bad smell in washroom,1,0,0,0,0,0,0,0
please help cockroach in coach,1,0,0,0,0,0,0,0
please help garbage on floor,1,0,0,0,0,0,0,0
sir water leaking in toilet,1,0,0,0,0,0,0,0
cockroach in coach urgently,1,0,0,0,0,0,0,0
complaint regarding coach very dirty,1,0,0,0,0,0,0,0
please help cockroach in coach,1,0,0,0,0,0,0,0
garbage on floor in my coach,1,0,0,0,0,0,0,0
there is cockroach in coach,1,0,0,0,0,0,0,0
bad smell in washroom in my coach,1,0,0,0,0,0,0,0
garbage on floor,1,0,0,0,0,0,0,0
there is cockroach in coach,1,0,0,0,0,0,0,0
complaint regarding garbage on floor,1,0,0,0,0,0,0,0
complaint regarding bad smell in washroom,1,0,0,0,0,0,0,0
sir cockroach in coach,1,0,0,0,0,0,0,0
please help coach very dirty,1,0,0,0,0,0,0,0
cockroach in coach urgently,1,0,0,0,0,0,0,0
facing problem: water leaking in toilet,1,0,0,0,0,0,0,0
facing problem: coach very dirty,1,0,0,0,0,0,0,0
complaint regarding bad smell in washroom,1,0,0,0,0,0,0,0
coach very dirty,1,0,0,0,0,0,0,0
garbage on floor urgently,1,0,0,0,0,0,0,0
please help cockroach in coach,1,0,0,0,0,0,0,0
sir coach very dirty,1,0,0,0,0,0,0,0
dirty toilet urgently,1,0,0,0,0,0,0,0
please help garbage on floor,1,0,0,0,0,0,0,0
bad smell in washroom,1,0,0,0,0,0,0,0
facing problem: bad smell in washroom,1,0,0,0,0,0,0,0
there is cockroach in coach,1,0,0,0,0,0,0,0
please help water leaking in toilet,1,0,0,0,0,0,0,0
there is dirty toilet,1,0,0,0,0,0,0,0
bad smell in washroom in my coach,1,0,0,0,0,0,0,0
garbage on floor,1,0,0,0,0,0,0,0
complaint regarding garbage on floor,1,0,0,0,0,0,0,0
facing problem: coach very dirty,1,0,0,0,0,0,0,0
dirty toilet in my coach,1,0,0,0,0,0,0,0
complaint regarding dirty toilet,1,0,0,0,0,0,0,0
facing problem: cockroach in coach,1,0,0,0,0,0,0,0
facing problem: garbage on floor,1,0,0,0,0,0,0,0
please help bad smell in washroom,1,0,0,0,0,0,0,0
sir cockroach in coach,1,0,0,0,0,0,0,0
there is cockroach in coach,1,0,0,0,0,0,0,0
there is cockroach in coach,1,0,0,0,0,0,0,0
bad smell in washroom urgently,1,0,0,0,0,0,0,0
complaint regarding garbage on floor,1,0,0,0,0,0,0,0
bad smell in washroom in my coach,1,0,0,0,0,0,0,0
dirty toilet urgently,1,0,0,0,0,0,0,0
there is bad smell in washroom,1,0,0,0,0,0,0,0
facing problem: water leaking in toilet,1,0,0,0,0,0,0,0
complaint regarding dirty toilet,1,0,0,0,0,0,0,0
facing problem: water leaking in toilet,1,0,0,0,0,0,0,0
there is cockroach in coach,1,0,0,0,0,0,0,0
facing problem: water leaking in toilet,1,0,0,0,0,0,0,0
bad smell in washroom,1,0,0,0,0,0,0,0
coach very dirty in my coach,1,0,0,0,0,0,0,0
sir bad smell in washroom,1,0,0,0,0,0,0,0
garbage on floor,1,0,0,0,0,0,0,0
there is coach very dirty,1,0,0,0,0,0,0,0
sir coach very dirty,1,0,0,0,0,0,0,0
coach very dirty urgently,1,0,0,0,0,0,0,0
there is water leaking in toilet,1,0,0,0,0,0,0,0
facing problem: bad smell in washroom,1,0,0,0,0,0,0,0
there is dirty toilet,1,0,0,0,0,0,0,0
cockroach in coach,1,0,0,0,0,0,0,0
bad smell in washroom in my coach,1,0,0,0,0,0,0,0
please help bad smell in washroom,1,0,0,0,0,0,0,0
sir water leaking in toilet,1,0,0,0,0,0,0,0
please help dirty toilet,1,0,0,0,0,0,0,0
there is cockroach in coach,1,0,0,0,0,0,0,0
there is water leaking in toilet,1,0,0,0,0,0,0,0
please help garbage on floor,1,0,0,0,0,0,0,0
facing problem: bad smell in washroom,1,0,0,0,0,0,0,0
complaint regarding bad smell in washroom,1,0,0,0,0,0,0,0
facing problem: dirty toilet,1,0,0,0,0,0,0,0
facing problem: water leaking in toilet,1,0,0,0,0,0,0,0
facing problem: bad smell in washroom,1,0,0,0,0,0,0,0
complaint regarding bad smell in washroom,1,0,0,0,0,0,0,0
please help water leaking in toilet,1,0,0,0,0,0,0,0
complaint regarding cockroach in coach,1,0,0,0,0,0,0,0
cockroach in coach urgently,1,0,0,0,0,0,0,0
sir bad smell in washroom,1,0,0,0,0,0,0,0
there is bad smell in washroom,1,0,0,0,0,0,0,0
sir bad smell in washroom,1,0,0,0,0,0,0,0
there is garbage on floor,1,0,0,0,0,0,0,0
facing problem: dirty toilet,1,0,0,0,0,0,0,0
there is bad smell in washroom,1,0,0,0,0,0,0,0
garbage on floor urgently,1,0,0,0,0,0,0,0
sir cockroach in coach,1,0,0,0,0,0,0,0
coach very dirty urgently,1,0,0,0,0,0,0,0
coach very dirty,1,0,0,0,0,0,0,0
water leaking in toilet in my coach,1,0,0,0,0,0,0,0
there is cockroach in coach,1,0,0,0,0,0,0,0
complaint regarding cockroach in coach,1,0,0,0,0,0,0,0
facing problem: water leaking in toilet,1,0,0,0,0,0,0,0
facing problem: bad smell in washroom,1,0,0,0,0,0,0,0
garbage on floor,1,0,0,0,0,0,0,0
complaint regarding water leaking in toilet,1,0,0,0,0,0,0,0
dirty toilet in my coach,1,0,0,0,0,0,0,0
bad smell in washroom in my coach,1,0,0,0,0,0,0,0
there is bad smell in washroom,1,0,0,0,0,0,0,0
sir bad smell in washroom,1,0,0,0,0,0,0,0
there is bad smell in washroom,1,0,0,0,0,0,0,0
coach very dirty in my coach,1,0,0,0,0,0,0,0
complaint regarding garbage on floor,1,0,0,0,0,0,0,0
sir water leaking in toilet,1,0,0,0,0,0,0,0
dirty toilet urgently,1,0,0,0,0,0,0,0
there is water leaking in toilet,1,0,0,0,0,0,0,0
dirty toilet in my coach,1,0,0,0,0,0,0,0
please help water leaking in toilet,1,0,0,0,0,0,0,0
please help garbage on floor,1,0,0,0,0,0,0,0
complaint regarding cockroach in coach,1,0,0,0,0,0,0,0
bad smell in washroom,1,0,0,0,0,0,0,0
complaint regarding dirty toilet,1,0,0,0,0,0,0,0
cockroach in coach urgently,1,0,0,0,0,0,0,0
complaint regarding dirty toilet,1,0,0,0,0,0,0,0
bad smell in washroom in my coach,1,0,0,0,0,0,0,0
cockroach in coach in my coach,1,0,0,0,0,0,0,0
cockroach in coach in my coach,1,0,0,0,0,0,0,0
facing problem: coach very dirty,1,0,0,0,0,0,0,0
coach very dirty in my coach,1,0,0,0,0,0,0,0
bad smell in washroom,1,0,0,0,0,0,0,0
facing problem: garbage on floor,1,0,0,0,0,0,0,0
sir garbage on floor,1,0,0,0,0,0,0,0
cockroach in coach in my coach,1,0,0,0,0,0,0,0
water leaking in toilet in my coach,1,0,0,0,0,0,0,0
facing problem: bad smell in washroom,1,0,0,0,0,0,0,0
facing problem: water leaking in toilet,1,0,0,0,0,0,0,0
complaint regarding coach very dirty,1,0,0,0,0,0,0,0
sir cockroach in coach,1,0,0,0,0,0,0,0
cockroach in coach,1,0,0,0,0,0,0,0
facing problem: coach very dirty,1,0,0,0,0,0,0,0
coach very dirty,1,0,0,0,0,0,0,0
sir water leaking in toilet,1,0,0,0,0,0,0,0
dirty toilet urgently,1,0,0,0,0,0,0,0
cockroach in coach in my coach,1,0,0,0,0,0,0,0
bad smell in washroom in my coach,1,0,0,0,0,0,0,0
facing problem: dirty toilet,1,0,0,0,0,0,0,0
cockroach in coach in my coach,1,0,0,0,0,0,0,0
bad smell in washroom urgently,1,0,0,0,0,0,0,0
please help dirty toilet,1,0,0,0,0,0,0,0
complaint regarding coach very dirty,1,0,0,0,0,0,0,0
facing problem: garbage on floor,1,0,0,0,0,0,0,0
sir coach very dirty,1,0,0,0,0,0,0,0
please help dirty toilet,1,0,0,0,0,0,0,0
facing problem: bad smell in washroom,1,0,0,0,0,0,0,0
complaint regarding garbage on floor,1,0,0,0,0,0,0,0
cockroach in coach,1,0,0,0,0,0,0,0
garbage on floor in my coach,1,0,0,0,0,0,0,0
sir water leaking in toilet,1,0,0,0,0,0,0,0
there is garbage on floor,1,0,0,0,0,0,0,0
sir coach very dirty,1,0,0,0,0,0,0,0
complaint regarding cockroach in coach,1,0,0,0,0,0,0,0
facing problem: cockroach in coach,1,0,0,0,0,0,0,0
please help cockroach in coach,1,0,0,0,0,0,0,0
there is water leaking in toilet,1,0,0,0,0,0,0,0
please help coach very dirty,1,0,0,0,0,0,0,0
complaint regarding water leaking in toilet,1,0,0,0,0,0,0,0
coach very dirty,1,0,0,0,0,0,0,0
coach very dirty,1,0,0,0,0,0,0,0
facing problem: cockroach in coach,1,0,0,0,0,0,0,0
please help water leaking in toilet,1,0,0,0,0,0,0,0
garbage on floor urgently,1,0,0,0,0,0,0,0
complaint regarding cockroach in coach,1,0,0,0,0,0,0,0
garbage on floor,1,0,0,0,0,0,0,0
water leaking in toilet urgently,1,0,0,0,0,0,0,0
there is bad smell in washroom,1,0,0,0,0,0,0,0
there is coach very dirty,1,0,0,0,0,0,0,0
there is bad smell in washroom,1,0,0,0,0,0,0,0
complaint regarding cockroach in coach,1,0,0,0,0,0,0,0
cockroach in coach,1,0,0,0,0,0,0,0
complaint regarding coach very dirty,1,0,0,0,0,0,0,0
complaint regarding cockroach in coach,1,0,0,0,0,0,0,0
there is bad smell in washroom,1,0,0,0,0,0,0,0
facing problem: bad smell in washroom,1,0,0,0,0,0,0,0
sir water leaking in toilet,1,0,0,0,0,0,0,0
water leaking in toilet,1,0,0,0,0,0,0,0
there is water leaking in toilet,1,0,0,0,0,0,0,0
garbage on floor in my coach,1,0,0,0,0,0,0,0
there is bad smell in washroom,1,0,0,0,0,0,0,0
water leaking in toilet in my coach,1,0,0,0,0,0,0,0
coach very dirty,1,0,0,0,0,0,0,0
there is coach very dirty,1,0,0,0,0,0,0,0
there is cockroach in coach,1,0,0,0,0,0,0,0
water leaking in toilet urgently,1,0,0,0,0,0,0,0
sir dirty toilet,1,0,0,0,0,0,0,0
bad smell in washroom urgently,1,0,0,0,0,0,0,0
please help bad smell in washroom,1,0,0,0,0,0,0,0
there is dirty toilet,1,0,0,0,0,0,0,0
there is coach very dirty,1,0,0,0,0,0,0,0
complaint regarding bad smell in washroom,1,0,0,0,0,0,0,0
dirty toilet urgently,1,0,0,0,0,0,0,0
sir coach very dirty,1,0,0,0,0,0,0,0
please help cockroach in coach,1,0,0,0,0,0,0,0
sir garbage on floor,1,0,0,0,0,0,0,0
there is coach very dirty,1,0,0,0,0,0,0,0
garbage on floor,1,0,0,0,0,0,0,0
please help water leaking in toilet,1,0,0,0,0,0,0,0
coach very dirty in my coach,1,0,0,0,0,0,0,0
there is dirty toilet,1,0,0,0,0,0,0,0
facing problem: bad smell in washroom,1,0,0,0,0,0,0,0
please help coach very dirty,1,0,0,0,0,0,0,0
complaint regarding garbage on floor,1,0,0,0,0,0,0,0
bad smell in washroom,1,0,0,0,0,0,0,0
facing problem: water leaking in toilet,1,0,0,0,0,0,0,0
sir bad smell in washroom,1,0,0,0,0,0,0,0
garbage on floor urgently,1,0,0,0,0,0,0,0
dirty toilet in my coach,1,0,0,0,0,0,0,0
sir garbage on floor,1,0,0,0,0,0,0,0
bad smell in washroom urgently,1,0,0,0,0,0,0,0
facing problem: water leaking in toilet,1,0,0,0,0,0,0,0
there is coach very dirty,1,0,0,0,0,0,0,0
facing problem: coach very dirty,1,0,0,0,0,0,0,0
facing problem: cockroach in coach,1,0,0,0,0,0,0,0
bad smell in washroom,1,0,0,0,0,0,0,0
garbage on floor in my coach,1,0,0,0,0,0,0,0
bad smell in washroom in my coach,1,0,0,0,0,0,0,0
facing problem: coach very dirty,1,0,0,0,0,0,0,0
bad smell in washroom in my coach,1,0,0,0,0,0,0,0
garbage on floor,1,0,0,0,0,0,0,0
there is coach very dirty,1,0,0,0,0,0,0,0
complaint regarding bad smell in washroom,1,0,0,0,0,0,0,0
complaint regarding garbage on floor,1,0,0,0,0,0,0,0
garbage on floor in my coach,1,0,0,0,0,0,0,0
facing problem: bad smell in washroom,1,0,0,0,0,0,0,0
garbage on floor,1,0,0,0,0,0,0,0
please help garbage on floor,1,0,0,0,0,0,0,0
there is garbage on floor,1,0,0,0,0,0,0,0
sir cockroach in coach,1,0,0,0,0,0,0,0
bad smell in washroom urgently,1,0,0,0,0,0,0,0
water leaking in toilet urgently,1,0,0,0,0,0,0,0
complaint regarding garbage on floor,1,0,0,0,0,0,0,0
sir garbage on floor,1,0,0,0,0,0,0,0
please help garbage on floor,1,0,0,0,0,0,0,0
dirty toilet urgently,1,0,0,0,0,0,0,0
there is dirty toilet,1,0,0,0,0,0,0,0
dirty toilet in my coach,1,0,0,0,0,0,0,0
sir cockroach in coach,1,0,0,0,0,0,0,0
coach very dirty,1,0,0,0,0,0,0,0
dirty toilet in my coach,1,0,0,0,0,0,0,0
bad smell in washroom in my coach,1,0,0,0,0,0,0,0
complaint regarding garbage on floor,1,0,0,0,0,0,0,0
there is garbage on floor,1,0,0,0,0,0,0,0
please help dirty toilet,1,0,0,0,0,0,0,0
there is coach very dirty,1,0,0,0,0,0,0,0
sir dirty toilet,1,0,0,0,0,0,0,0
please help bad smell in washroom,1,0,0,0,0,0,0,0
water leaking in toilet in my coach,1,0,0,0,0,0,0,0
sir water leaking in toilet,1,0,0,0,0,0,0,0
coach very dirty,1,0,0,0,0,0,0,0
sir garbage on floor,1,0,0,0,0,0,0,0
facing problem: coach very dirty,1,0,0,0,0,0,0,0
there is bad smell in washroom,1,0,0,0,0,0,0,0
there is coach very dirty,1,0,0,0,0,0,0,0
facing problem: coach very dirty,1,0,0,0,0,0,0,0
complaint regarding cockroach in coach,1,0,0,0,0,0,0,0
coach very dirty in my coach,1,0,0,0,0,0,0,0
complaint regarding garbage on floor,1,0,0,0,0,0,0,0
complaint regarding dirty toilet,1,0,0,0,0,0,0,0
please help water leaking in toilet,1,0,0,0,0,0,0,0
please help cockroach in coach,1,0,0,0,0,0,0,0
sir garbage on floor,1,0,0,0,0,0,0,0
please help bad smell in washroom,1,0,0,0,0,0,0,0
bad smell in washroom,1,0,0,0,0,0,0,0
complaint regarding bad smell in washroom,1,0,0,0,0,0,0,0
sir coach very dirty,1,0,0,0,0,0,0,0
garbage on floor urgently,1,0,0,0,0,0,0,0
there is garbage on floor,1,0,0,0,0,0,0,0
complaint regarding water leaking in toilet,1,0,0,0,0,0,0,0
sir garbage on floor,1,0,0,0,0,0,0,0
facing problem: bad smell in washroom,1,0,0,0,0,0,0,0
facing problem: dirty toilet,1,0,0,0,0,0,0,0
water leaking in toilet urgently,1,0,0,0,0,0,0,0
please help garbage on floor,1,0,0,0,0,0,0,0
please help water leaking in toilet,1,0,0,0,0,0,0,0
coach very dirty,1,0,0,0,0,0,0,0
cockroach in coach,1,0,0,0,0,0,0,0
sir coach very dirty,1,0,0,0,0,0,0,0
coach very dirty urgently,1,0,0,0,0,0,0,0
facing problem: water leaking in toilet,1,0,0,0,0,0,0,0
please help cockroach in coach,1,0,0,0,0,0,0,0
facing problem: bad smell in washroom,1,0,0,0,0,0,0,0
water leaking in toilet urgently,1,0,0,0,0,0,0,0
there is coach very dirty,1,0,0,0,0,0,0,0
sir water leaking in toilet,1,0,0,0,0,0,0,0
coach very dirty urgently,1,0,0,0,0,0,0,0
complaint regarding coach very dirty,1,0,0,0,0,0,0,0
garbage on floor in my coach,1,0,0,0,0,0,0,0
complaint regarding light fused,0,1,0,0,0,0,0,0
AC not working urgently,0,1,0,0,0,0,0,0
facing problem: light fused,0,1,0,0,0,0,0,0
complaint regarding charging socket not working,0,1,0,0,0,0,0,0
there is charging socket not working,0,1,0,0,0,0,0,0
facing problem: short circuit,0,1,0,0,0,0,0,0
facing problem: light fused,0,1,0,0,0,0,0,0
AC not working,0,1,0,0,0,0,0,0
please help charging socket not working,0,1,0,0,0,0,0,0
no electricity in coach urgently,0,1,0,0,0,0,0,0
sir short circuit,0,1,0,0,0,0,0,0
no electricity in coach,0,1,0,0,0,0,0,0
short circuit in my coach,0,1,0,0,0,0,0,0
complaint regarding short circuit,0,1,0,0,0,0,0,0
charging socket not working urgently,0,1,0,0,0,0,0,0
sir AC not working,0,1,0,0,0,0,0,0
facing problem: light fused,0,1,0,0,0,0,0,0
AC not working in my coach,0,1,0,0,0,0,0,0
facing problem: charging socket not working,0,1,0,0,0,0,0,0
facing problem: fan not running,0,1,0,0,0,0,0,0
charging socket not working,0,1,0,0,0,0,0,0
sir AC not working,0,1,0,0,0,0,0,0
charging socket not working urgently,0,1,0,0,0,0,0,0
facing problem: fan not running,0,1,0,0,0,0,0,0
facing problem: short circuit,0,1,0,0,0,0,0,0
short circuit urgently,0,1,0,0,0,0,0,0
facing problem: no electricity in coach,0,1,0,0,0,0,0,0
facing problem: no electricity in coach,0,1,0,0,0,0,0,0
charging socket not working urgently,0,1,0,0,0,0,0,0
sir short circuit,0,1,0,0,0,0,0,0
facing problem: short circuit,0,1,0,0,0,0,0,0
no electricity in coach in my coach,0,1,0,0,0,0,0,0
please help AC not working,0,1,0,0,0,0,0,0
complaint regarding light fused,0,1,0,0,0,0,0,0
sir light fused,0,1,0,0,0,0,0,0
charging socket not working in my coach,0,1,0,0,0,0,0,0
no electricity in coach in my coach,0,1,0,0,0,0,0,0
sir AC not working,0,1,0,0,0,0,0,0
complaint regarding AC not working,0,1,0,0,0,0,0,0
there is AC not working,0,1,0,0,0,0,0,0
there is short circuit,0,1,0,0,0,0,0,0
charging socket not working urgently,0,1,0,0,0,0,0,0
sir light fused,0,1,0,0,0,0,0,0
facing problem: fan not running,0,1,0,0,0,0,0,0
complaint regarding light fused,0,1,0,0,0,0,0,0
fan not running urgently,0,1,0,0,0,0,0,0
AC not working urgently,0,1,0,0,0,0,0,0
short circuit in my coach,0,1,0,0,0,0,0,0
no electricity in coach,0,1,0,0,0,0,0,0
charging socket not working,0,1,0,0,0,0,0,0
sir light fused,0,1,0,0,0,0,0,0
there is fan not running,0,1,0,0,0,0,0,0
facing problem: fan not running,0,1,0,0,0,0,0,0
sir short circuit,0,1,0,0,0,0,0,0
no electricity in coach urgently,0,1,0,0,0,0,0,0
facing problem: fan not running,0,1,0,0,0,0,0,0
please help light fused,0,1,0,0,0,0,0,0
there is fan not running,0,1,0,0,0,0,0,0
please help AC not working,0,1,0,0,0,0,0,0
charging socket not working in my coach,0,1,0,0,0,0,0,0
light fused in my coach,0,1,0,0,0,0,0,0
facing problem: no electricity in coach,0,1,0,0,0,0,0,0
sir AC not working,0,1,0,0,0,0,0,0
facing problem: short circuit,0,1,0,0,0,0,0,0
fan not running,0,1,0,0,0,0,0,0
facing problem: AC not working,0,1,0,0,0,0,0,0
there is short circuit,0,1,0,0,0,0,0,0
facing problem: short circuit,0,1,0,0,0,0,0,0
facing problem: AC not working,0,1,0,0,0,0,0,0
complaint regarding AC not working,0,1,0,0,0,0,0,0
light fused urgently,0,1,0,0,0,0,0,0
AC not working in my coach,0,1,0,0,0,0,0,0
sir charging socket not working,0,1,0,0,0,0,0,0
light fused urgently,0,1,0,0,0,0,0,0
there is charging socket not working,0,1,0,0,0,0,0,0
short circuit in my coach,0,1,0,0,0,0,0,0
charging socket not working urgently,0,1,0,0,0,0,0,0
fan not running in my coach,0,1,0,0,0,0,0,0
complaint regarding fan not running,0,1,0,0,0,0,0,0
there is fan not running,0,1,0,0,0,0,0,0
complaint regarding light fused,0,1,0,0,0,0,0,0
there is light fused,0,1,0,0,0,0,0,0
AC not working urgently,0,1,0,0,0,0,0,0
AC not working in my coach,0,1,0,0,0,0,0,0
facing problem: fan not running,0,1,0,0,0,0,0,0
fan not running,0,1,0,0,0,0,0,0
please help fan not running,0,1,0,0,0,0,0,0
fan not running urgently,0,1,0,0,0,0,0,0
complaint regarding light fused,0,1,0,0,0,0,0,0
no electricity in coach,0,1,0,0,0,0,0,0
there is charging socket not working,0,1,0,0,0,0,0,0
sir charging socket not working,0,1,0,0,0,0,0,0
please help light fused,0,1,0,0,0,0,0,0
short circuit urgently,0,1,0,0,0,0,0,0
there is AC not working,0,1,0,0,0,0,0,0
there is light fused,0,1,0,0,0,0,0,0
please help light fused,0,1,0,0,0,0,0,0
light fused urgently,0,1,0,0,0,0,0,0
light fused in my coach,0,1,0,0,0,0,0,0
light fused in my coach,0,1,0,0,0,0,0,0
AC not working,0,1,0,0,0,0,0,0
complaint regarding short circuit,0,1,0,0,0,0,0,0
sir light fused,0,1,0,0,0,0,0,0
complaint regarding fan not running,0,1,0,0,0,0,0,0
no electricity in coach urgently,0,1,0,0,0,0,0,0
light fused urgently,0,1,0,0,0,0,0,0
please help AC not working,0,1,0,0,0,0,0,0
sir short circuit,0,1,0,0,0,0,0,0
there is fan not running,0,1,0,0,0,0,0,0
facing problem: short circuit,0,1,0,0,0,0,0,0
sir AC not working,0,1,0,0,0,0,0,0
facing problem: short circuit,0,1,0,0,0,0,0,0
sir no electricity in coach,0,1,0,0,0,0,0,0
please help AC not working,0,1,0,0,0,0,0,0
please help AC not working,0,1,0,0,0,0,0,0
fan not running,0,1,0,0,0,0,0,0
please help light fused,0,1,0,0,0,0,0,0
sir light fused,0,1,0,0,0,0,0,0
charging socket not working,0,1,0,0,0,0,0,0
sir short circuit,0,1,0,0,0,0,0,0
complaint regarding charging socket not working,0,1,0,0,0,0,0,0
complaint regarding AC not working,0,1,0,0,0,0,0,0
light fused urgently,0,1,0,0,0,0,0,0
there is charging socket not working,0,1,0,0,0,0,0,0
light fused urgently,0,1,0,0,0,0,0,0
there is fan not running,0,1,0,0,0,0,0,0
there is charging socket not working,0,1,0,0,0,0,0,0
sir charging socket not working,0,1,0,0,0,0,0,0
complaint regarding no electricity in coach,0,1,0,0,0,0,0,0
sir fan not running,0,1,0,0,0,0,0,0
complaint regarding AC not working,0,1,0,0,0,0,0,0
no electricity in coach in my coach,0,1,0,0,0,0,0,0
AC not working urgently,0,1,0,0,0,0,0,0
light fused urgently,0,1,0,0,0,0,0,0
charging socket not working urgently,0,1,0,0,0,0,0,0
please help short circuit,0,1,0,0,0,0,0,0
please help AC not working,0,1,0,0,0,0,0,0
facing problem: light fused,0,1,0,0,0,0,0,0
facing problem: short circuit,0,1,0,0,0,0,0,0
sir AC not working,0,1,0,0,0,0,0,0
please help short circuit,0,1,0,0,0,0,0,0
facing problem: fan not running,0,1,0,0,0,0,0,0
light fused in my coach,0,1,0,0,0,0,0,0
please help AC not working,0,1,0,0,0,0,0,0
there is short circuit,0,1,0,0,0,0,0,0
fan not running,0,1,0,0,0,0,0,0
sir fan not running,0,1,0,0,0,0,0,0
complaint regarding charging socket not working,0,1,0,0,0,0,0,0
AC not working urgently,0,1,0,0,0,0,0,0
sir light fused,0,1,0,0,0,0,0,0
please help charging socket not working,0,1,0,0,0,0,0,0
please help fan not running,0,1,0,0,0,0,0,0
complaint regarding light fused,0,1,0,0,0,0,0,0
complaint regarding fan not running,0,1,0,0,0,0,0,0
sir charging socket not working,0,1,0,0,0,0,0,0
short circuit urgently,0,1,0,0,0,0,0,0
no electricity in coach,0,1,0,0,0,0,0,0
facing problem: no electricity in coach,0,1,0,0,0,0,0,0
facing problem: short circuit,0,1,0,0,0,0,0,0
charging socket not working in my coach,0,1,0,0,0,0,0,0
AC not working,0,1,0,0,0,0,0,0
please help short circuit,0,1,0,0,0,0,0,0
sir no electricity in coach,0,1,0,0,0,0,0,0
sir no electricity in coach,0,1,0,0,0,0,0,0
AC not working,0,1,0,0,0,0,0,0
complaint regarding light fused,0,1,0,0,0,0,0,0
fan not running urgently,0,1,0,0,0,0,0,0
sir charging socket not working,0,1,0,0,0,0,0,0
sir short circuit,0,1,0,0,0,0,0,0
facing problem: no electricity in coach,0,1,0,0,0,0,0,0
sir no electricity in coach,0,1,0,0,0,0,0,0
complaint regarding fan not running,0,1,0,0,0,0,0,0
short circuit in my coach,0,1,0,0,0,0,0,0
complaint regarding AC not working,0,1,0,0,0,0,0,0
facing problem: light fused,0,1,0,0,0,0,0,0
there is short circuit,0,1,0,0,0,0,0,0
there is fan not running,0,1,0,0,0,0,0,0
charging socket not working urgently,0,1,0,0,0,0,0,0
complaint regarding fan not running,0,1,0,0,0,0,0,0
sir no electricity in coach,0,1,0,0,0,0,0,0
please help light fused,0,1,0,0,0,0,0,0
facing problem: fan not running,0,1,0,0,0,0,0,0
charging socket not working in my coach,0,1,0,0,0,0,0,0
complaint regarding light fused,0,1,0,0,0,0,0,0
charging socket not working urgently,0,1,0,0,0,0,0,0
sir charging socket not working,0,1,0,0,0,0,0,0
no electricity in coach in my coach,0,1,0,0,0,0,0,0
facing problem: short circuit,0,1,0,0,0,0,0,0
facing problem: no electricity in coach,0,1,0,0,0,0,0,0
no electricity in coach in my coach,0,1,0,0,0,0,0,0
there is fan not running,0,1,0,0,0,0,0,0
no electricity in coach urgently,0,1,0,0,0,0,0,0
please help light fused,0,1,0,0,0,0,0,0
short circuit urgently,0,1,0,0,0,0,0,0
there is AC not working,0,1,0,0,0,0,0,0
charging socket not working,0,1,0,0,0,0,0,0
no electricity in coach in my coach,0,1,0,0,0,0,0,0
AC not working urgently,0,1,0,0,0,0,0,0
facing problem: light fused,0,1,0,0,0,0,0,0
there is light fused,0,1,0,0,0,0,0,0
please help fan not running,0,1,0,0,0,0,0,0
sir charging socket not working,0,1,0,0,0,0,0,0
facing problem: light fused,0,1,0,0,0,0,0,0
sir charging socket not working,0,1,0,0,0,0,0,0
light fused in my coach,0,1,0,0,0,0,0,0
there is fan not running,0,1,0,0,0,0,0,0
complaint regarding fan not running,0,1,0,0,0,0,0,0
please help charging socket not working,0,1,0,0,0,0,0,0
charging socket not working urgently,0,1,0,0,0,0,0,0
please help no electricity in coach,0,1,0,0,0,0,0,0
facing problem: short circuit,0,1,0,0,0,0,0,0
short circuit urgently,0,1,0,0,0,0,0,0
please help light fused,0,1,0,0,0,0,0,0
no electricity in coach urgently,0,1,0,0,0,0,0,0
sir no electricity in coach,0,1,0,0,0,0,0,0
facing problem: short circuit,0,1,0,0,0,0,0,0
sir short circuit,0,1,0,0,0,0,0,0
fan not running in my coach,0,1,0,0,0,0,0,0
no electricity in coach,0,1,0,0,0,0,0,0
please help no electricity in coach,0,1,0,0,0,0,0,0
sir no electricity in coach,0,1,0,0,0,0,0,0
there is fan not running,0,1,0,0,0,0,0,0
short circuit in my coach,0,1,0,0,0,0,0,0
please help light fused,0,1,0,0,0,0,0,0
please help fan not running,0,1,0,0,0,0,0,0
please help fan not running,0,1,0,0,0,0,0,0
sir no electricity in coach,0,1,0,0,0,0,0,0
complaint regarding AC not working,0,1,0,0,0,0,0,0
no electricity in coach,0,1,0,0,0,0,0,0
fan not running urgently,0,1,0,0,0,0,0,0
facing problem: light fused,0,1,0,0,0,0,0,0
sir fan not running,0,1,0,0,0,0,0,0
there is fan not running,0,1,0,0,0,0,0,0
facing problem: fan not running,0,1,0,0,0,0,0,0
facing problem: short circuit,0,1,0,0,0,0,0,0
charging socket not working urgently,0,1,0,0,0,0,0,0
there is fan not running,0,1,0,0,0,0,0,0
sir fan not running,0,1,0,0,0,0,0,0
AC not working in my coach,0,1,0,0,0,0,0,0
please help fan not running,0,1,0,0,0,0,0,0
no electricity in coach in my coach,0,1,0,0,0,0,0,0
complaint regarding charging socket not working,0,1,0,0,0,0,0,0
facing problem: no electricity in coach,0,1,0,0,0,0,0,0
sir no electricity in coach,0,1,0,0,0,0,0,0
sir short circuit,0,1,0,0,0,0,0,0
complaint regarding short circuit,0,1,0,0,0,0,0,0
fan not running urgently,0,1,0,0,0,0,0,0
light fused in my coach,0,1,0,0,0,0,0,0
fan not running urgently,0,1,0,0,0,0,0,0
there is short circuit,0,1,0,0,0,0,0,0
facing problem: charging socket not working,0,1,0,0,0,0,0,0
sir charging socket not working,0,1,0,0,0,0,0,0
please help AC not working,0,1,0,0,0,0,0,0
facing problem: light fused,0,1,0,0,0,0,0,0
sir short circuit,0,1,0,0,0,0,0,0
facing problem: no electricity in coach,0,1,0,0,0,0,0,0
please help charging socket not working,0,1,0,0,0,0,0,0
please help AC not working,0,1,0,0,0,0,0,0
charging socket not working in my coach,0,1,0,0,0,0,0,0
facing problem: light fused,0,1,0,0,0,0,0,0
there is AC not working,0,1,0,0,0,0,0,0
AC not working,0,1,0,0,0,0,0,0
there is fan not running,0,1,0,0,0,0,0,0
AC not working,0,1,0,0,0,0,0,0
there is charging socket not working,0,1,0,0,0,0,0,0
complaint regarding no electricity in coach,0,1,0,0,0,0,0,0
facing problem: charging socket not working,0,1,0,0,0,0,0,0
complaint regarding charging socket not working,0,1,0,0,0,0,0,0
facing problem: no electricity in coach,0,1,0,0,0,0,0,0
please help AC not working,0,1,0,0,0,0,0,0
sir charging socket not working,0,1,0,0,0,0,0,0
fan not running urgently,0,1,0,0,0,0,0,0
please help no electricity in coach,0,1,0,0,0,0,0,0
facing problem: fan not running,0,1,0,0,0,0,0,0
please help short circuit,0,1,0,0,0,0,0,0
short circuit urgently,0,1,0,0,0,0,0,0
there is short circuit,0,1,0,0,0,0,0,0
charging socket not working,0,1,0,0,0,0,0,0
facing problem: short circuit,0,1,0,0,0,0,0,0
sir AC not working,0,1,0,0,0,0,0,0
AC not working in my coach,0,1,0,0,0,0,0,0
no electricity in coach in my coach,0,1,0,0,0,0,0,0
fan not running,0,1,0,0,0,0,0,0
facing problem: AC not working,0,1,0,0,0,0,0,0
complaint regarding light fused,0,1,0,0,0,0,0,0
please help no electricity in coach,0,1,0,0,0,0,0,0
sir no electricity in coach,0,1,0,0,0,0,0,0
seat broken urgently,0,0,1,0,0,0,0,0
window glass cracked urgently,0,0,1,0,0,0,0,0
window glass cracked urgently,0,0,1,0,0,0,0,0
there is seat broken,0,0,1,0,0,0,0,0
facing problem: luggage rack broken,0,0,1,0,0,0,0,0
door not closing,0,0,1,0,0,0,0,0
there is door not closing,0,0,1,0,0,0,0,0
seat broken in my coach,0,0,1,0,0,0,0,0
complaint regarding window glass cracked,0,0,1,0,0,0,0,0
sir luggage rack broken,0,0,1,0,0,0,0,0
window glass cracked,0,0,1,0,0,0,0,0
please help berth panel loose,0,0,1,0,0,0,0,0
facing problem: door not closing,0,0,1,0,0,0,0,0
luggage rack broken,0,0,1,0,0,0,0,0
complaint regarding berth panel loose,0,0,1,0,0,0,0,0
berth panel loose urgently,0,0,1,0,0,0,0,0
please help door not closing,0,0,1,0,0,0,0,0
sir berth panel loose,0,0,1,0,0,0,0,0
sir washbasin damaged,0,0,1,0,0,0,0,0
luggage rack broken in my coach,0,0,1,0,0,0,0,0
sir washbasin damaged,0,0,1,0,0,0,0,0
window glass cracked,0,0,1,0,0,0,0,0
berth panel loose,0,0,1,0,0,0,0,0
there is luggage rack broken,0,0,1,0,0,0,0,0
window glass cracked urgently,0,0,1,0,0,0,0,0
berth panel loose in my coach,0,0,1,0,0,0,0,0
complaint regarding seat broken,0,0,1,0,0,0,0,0
facing problem: seat broken,0,0,1,0,0,0,0,0
please help berth panel loose,0,0,1,0,0,0,0,0
please help berth panel loose,0,0,1,0,0,0,0,0
berth panel loose urgently,0,0,1,0,0,0,0,0
window glass cracked urgently,0,0,1,0,0,0,0,0
there is window glass cracked,0,0,1,0,0,0,0,0
complaint regarding berth panel loose,0,0,1,0,0,0,0,0
sir luggage rack broken,0,0,1,0,0,0,0,0
berth panel loose,0,0,1,0,0,0,0,0
sir window glass cracked,0,0,1,0,0,0,0,0
there is luggage rack broken,0,0,1,0,0,0,0,0
there is berth panel loose,0,0,1,0,0,0,0,0
sir washbasin damaged,0,0,1,0,0,0,0,0
door not closing,0,0,1,0,0,0,0,0
facing problem: door not closing,0,0,1,0,0,0,0,0
complaint regarding berth panel loose,0,0,1,0,0,0,0,0
there is seat broken,0,0,1,0,0,0,0,0
please help berth panel loose,0,0,1,0,0,0,0,0
seat broken urgently,0,0,1,0,0,0,0,0
please help luggage rack broken,0,0,1,0,0,0,0,0
berth panel loose,0,0,1,0,0,0,0,0
complaint regarding seat broken,0,0,1,0,0,0,0,0
please help window glass cracked,0,0,1,0,0,0,0,0
there is door not closing,0,0,1,0,0,0,0,0
please help door not closing,0,0,1,0,0,0,0,0
window glass cracked,0,0,1,0,0,0,0,0
sir berth panel loose,0,0,1,0,0,0,0,0
luggage rack broken in my coach,0,0,1,0,0,0,0,0
door not closing in my coach,0,0,1,0,0,0,0,0
luggage rack broken in my coach,0,0,1,0,0,0,0,0
washbasin damaged in my coach,0,0,1,0,0,0,0,0
door not closing,0,0,1,0,0,0,0,0
complaint regarding window glass cracked,0,0,1,0,0,0,0,0
please help washbasin damaged,0,0,1,0,0,0,0,0
facing problem: washbasin damaged,0,0,1,0,0,0,0,0
sir seat broken,0,0,1,0,0,0,0,0
facing problem: window glass cracked,0,0,1,0,0,0,0,0
there is luggage rack broken,0,0,1,0,0,0,0,0
please help seat broken,0,0,1,0,0,0,0,0
washbasin damaged in my coach,0,0,1,0,0,0,0,0
window glass cracked urgently,0,0,1,0,0,0,0,0
seat broken urgently,0,0,1,0,0,0,0,0
sir window glass cracked,0,0,1,0,0,0,0,0
please help luggage rack broken,0,0,1,0,0,0,0,0
there is window glass cracked,0,0,1,0,0,0,0,0
please help washbasin damaged,0,0,1,0,0,0,0,0
complaint regarding door not closing,0,0,1,0,0,0,0,0
please help washbasin damaged,0,0,1,0,0,0,0,0
facing problem: door not closing,0,0,1,0,0,0,0,0
facing problem: window glass cracked,0,0,1,0,0,0,0,0
there is window glass cracked,0,0,1,0,0,0,0,0
window glass cracked,0,0,1,0,0,0,0,0
there is washbasin damaged,0,0,1,0,0,0,0,0
there is window glass cracked,0,0,1,0,0,0,0,0
facing problem: window glass cracked,0,0,1,0,0,0,0,0
window glass cracked,0,0,1,0,0,0,0,0
there is berth panel loose,0,0,1,0,0,0,0,0
there is berth panel loose,0,0,1,0,0,0,0,0
window glass cracked in my coach,0,0,1,0,0,0,0,0
there is seat broken,0,0,1,0,0,0,0,0
complaint regarding seat broken,0,0,1,0,0,0,0,0
luggage rack broken in my coach,0,0,1,0,0,0,0,0
complaint regarding door not closing,0,0,1,0,0,0,0,0
washbasin damaged urgently,0,0,1,0,0,0,0,0
please help luggage rack broken,0,0,1,0,0,0,0,0
door not closing urgently,0,0,1,0,0,0,0,0
there is berth panel loose,0,0,1,0,0,0,0,0
facing problem: seat broken,0,0,1,0,0,0,0,0
complaint regarding window glass cracked,0,0,1,0,0,0,0,0
facing problem: seat broken,0,0,1,0,0,0,0,0
sir washbasin damaged,0,0,1,0,0,0,0,0
facing problem: berth panel loose,0,0,1,0,0,0,0,0
seat broken in my coach,0,0,1,0,0,0,0,0
facing problem: door not closing,0,0,1,0,0,0,0,0
there is luggage rack broken,0,0,1,0,0,0,0,0
seat broken urgently,0,0,1,0,0,0,0,0
berth panel loose in my coach,0,0,1,0,0,0,0,0
facing problem: door not closing,0,0,1,0,0,0,0,0
facing problem: luggage rack broken,0,0,1,0,0,0,0,0
there is luggage rack broken,0,0,1,0,0,0,0,0
window glass cracked urgently,0,0,1,0,0,0,0,0
please help berth panel loose,0,0,1,0,0,0,0,0
complaint regarding berth panel loose,0,0,1,0,0,0,0,0
there is washbasin damaged,0,0,1,0,0,0,0,0
there is berth panel loose,0,0,1,0,0,0,0,0
luggage rack broken in my coach,0,0,1,0,0,0,0,0
facing problem: luggage rack broken,0,0,1,0,0,0,0,0
there is berth panel loose,0,0,1,0,0,0,0,0
facing problem: door not closing,0,0,1,0,0,0,0,0
door not closing,0,0,1,0,0,0,0,0
facing problem: luggage rack broken,0,0,1,0,0,0,0,0
berth panel loose urgently,0,0,1,0,0,0,0,0
facing problem: luggage rack broken,0,0,1,0,0,0,0,0
complaint regarding washbasin damaged,0,0,1,0,0,0,0,0
please help window glass cracked,0,0,1,0,0,0,0,0
there is luggage rack broken,0,0,1,0,0,0,0,0
complaint regarding seat broken,0,0,1,0,0,0,0,0
facing problem: seat broken,0,0,1,0,0,0,0,0
window glass cracked,0,0,1,0,0,0,0,0
door not closing,0,0,1,0,0,0,0,0
there is door not closing,0,0,1,0,0,0,0,0
facing problem: door not closing,0,0,1,0,0,0,0,0
please help berth panel loose,0,0,1,0,0,0,0,0
facing problem: seat broken,0,0,1,0,0,0,0,0
facing problem: luggage rack broken,0,0,1,0,0,0,0,0
door not closing in my coach,0,0,1,0,0,0,0,0
facing problem: luggage rack broken,0,0,1,0,0,0,0,0
facing problem: window glass cracked,0,0,1,0,0,0,0,0
there is washbasin damaged,0,0,1,0,0,0,0,0
facing problem: door not closing,0,0,1,0,0,0,0,0
door not closing urgently,0,0,1,0,0,0,0,0
sir door not closing,0,0,1,0,0,0,0,0
facing problem: window glass cracked,0,0,1,0,0,0,0,0
complaint regarding luggage rack broken,0,0,1,0,0,0,0,0
facing problem: window glass cracked,0,0,1,0,0,0,0,0
complaint regarding window glass cracked,0,0,1,0,0,0,0,0
complaint regarding door not closing,0,0,1,0,0,0,0,0
sir seat broken,0,0,1,0,0,0,0,0
seat broken urgently,0,0,1,0,0,0,0,0
sir seat broken,0,0,1,0,0,0,0,0
sir washbasin damaged,0,0,1,0,0,0,0,0
complaint regarding seat broken,0,0,1,0,0,0,0,0
berth panel loose,0,0,1,0,0,0,0,0
complaint regarding luggage rack broken,0,0,1,0,0,0,0,0
sir door not closing,0,0,1,0,0,0,0,0
seat broken urgently,0,0,1,0,0,0,0,0
there is door not closing,0,0,1,0,0,0,0,0
facing problem: seat broken,0,0,1,0,0,0,0,0
there is seat broken,0,0,1,0,0,0,0,0
facing problem: berth panel loose,0,0,1,0,0,0,0,0
washbasin damaged urgently,0,0,1,0,0,0,0,0
there is seat broken,0,0,1,0,0,0,0,0
facing problem: washbasin damaged,0,0,1,0,0,0,0,0
sir luggage rack broken,0,0,1,0,0,0,0,0
facing problem: window glass cracked,0,0,1,0,0,0,0,0
sir luggage rack broken,0,0,1,0,0,0,0,0
there is door not closing,0,0,1,0,0,0,0,0
sir luggage rack broken,0,0,1,0,0,0,0,0
there is berth panel loose,0,0,1,0,0,0,0,0
complaint regarding washbasin damaged,0,0,1,0,0,0,0,0
please help berth panel loose,0,0,1,0,0,0,0,0
there is washbasin damaged,0,0,1,0,0,0,0,0
complaint regarding window glass cracked,0,0,1,0,0,0,0,0
sir washbasin damaged,0,0,1,0,0,0,0,0
door not closing urgently,0,0,1,0,0,0,0,0
washbasin damaged in my coach,0,0,1,0,0,0,0,0
facing problem: berth panel loose,0,0,1,0,0,0,0,0
there is luggage rack broken,0,0,1,0,0,0,0,0
sir window glass cracked,0,0,1,0,0,0,0,0
sir luggage rack broken,0,0,1,0,0,0,0,0
please help seat broken,0,0,1,0,0,0,0,0
complaint regarding luggage rack broken,0,0,1,0,0,0,0,0
facing problem: window glass cracked,0,0,1,0,0,0,0,0
facing problem: luggage rack broken,0,0,1,0,0,0,0,0
facing problem: berth panel loose,0,0,1,0,0,0,0,0
please help luggage rack broken,0,0,1,0,0,0,0,0
please help berth panel loose,0,0,1,0,0,0,0,0
luggage rack broken,0,0,1,0,0,0,0,0
facing problem: luggage rack broken,0,0,1,0,0,0,0,0
seat broken in my coach,0,0,1,0,0,0,0,0
please help berth panel loose,0,0,1,0,0,0,0,0
luggage rack broken in my coach,0,0,1,0,0,0,0,0
door not closing,0,0,1,0,0,0,0,0
complaint regarding seat broken,0,0,1,0,0,0,0,0
facing problem: seat broken,0,0,1,0,0,0,0,0
facing problem: window glass cracked,0,0,1,0,0,0,0,0
luggage rack broken urgently,0,0,1,0,0,0,0,0
please help luggage rack broken,0,0,1,0,0,0,0,0
door not closing in my coach,0,0,1,0,0,0,0,0
please help window glass cracked,0,0,1,0,0,0,0,0
sir door not closing,0,0,1,0,0,0,0,0
luggage rack broken,0,0,1,0,0,0,0,0
please help berth panel loose,0,0,1,0,0,0,0,0
luggage rack broken urgently,0,0,1,0,0,0,0,0
door not closing urgently,0,0,1,0,0,0,0,0
there is luggage rack broken,0,0,1,0,0,0,0,0
there is luggage rack broken,0,0,1,0,0,0,0,0
sir washbasin damaged,0,0,1,0,0,0,0,0
there is berth panel loose,0,0,1,0,0,0,0,0
door not closing,0,0,1,0,0,0,0,0
sir luggage rack broken,0,0,1,0,0,0,0,0
complaint regarding seat broken,0,0,1,0,0,0,0,0
window glass cracked in my coach,0,0,1,0,0,0,0,0
facing problem: seat broken,0,0,1,0,0,0,0,0
complaint regarding seat broken,0,0,1,0,0,0,0,0
seat broken urgently,0,0,1,0,0,0,0,0
sir seat broken,0,0,1,0,0,0,0,0
there is luggage rack broken,0,0,1,0,0,0,0,0
window glass cracked in my coach,0,0,1,0,0,0,0,0
there is luggage rack broken,0,0,1,0,0,0,0,0
complaint regarding door not closing,0,0,1,0,0,0,0,0
sir door not closing,0,0,1,0,0,0,0,0
complaint regarding luggage rack broken,0,0,1,0,0,0,0,0
seat broken in my coach,0,0,1,0,0,0,0,0
complaint regarding berth panel loose,0,0,1,0,0,0,0,0
please help window glass cracked,0,0,1,0,0,0,0,0
sir berth panel loose,0,0,1,0,0,0,0,0
window glass cracked,0,0,1,0,0,0,0,0
facing problem: seat broken,0,0,1,0,0,0,0,0
berth panel loose urgently,0,0,1,0,0,0,0,0
there is berth panel loose,0,0,1,0,0,0,0,0
luggage rack broken urgently,0,0,1,0,0,0,0,0
complaint regarding seat broken,0,0,1,0,0,0,0,0
door not closing,0,0,1,0,0,0,0,0
facing problem: washbasin damaged,0,0,1,0,0,0,0,0
sir seat broken,0,0,1,0,0,0,0,0
washbasin damaged urgently,0,0,1,0,0,0,0,0
complaint regarding seat broken,0,0,1,0,0,0,0,0
seat broken in my coach,0,0,1,0,0,0,0,0
there is luggage rack broken,0,0,1,0,0,0,0,0
complaint regarding window glass cracked,0,0,1,0,0,0,0,0
complaint regarding luggage rack broken,0,0,1,0,0,0,0,0
complaint regarding washbasin damaged,0,0,1,0,0,0,0,0
luggage rack broken in my coach,0,0,1,0,0,0,0,0
please help washbasin damaged,0,0,1,0,0,0,0,0
facing problem: luggage rack broken,0,0,1,0,0,0,0,0
complaint regarding luggage rack broken,0,0,1,0,0,0,0,0
facing problem: washbasin damaged,0,0,1,0,0,0,0,0
berth panel loose urgently,0,0,1,0,0,0,0,0
sir berth panel loose,0,0,1,0,0,0,0,0
sir window glass cracked,0,0,1,0,0,0,0,0
berth panel loose urgently,0,0,1,0,0,0,0,0
luggage rack broken urgently,0,0,1,0,0,0,0,0
sir door not closing,0,0,1,0,0,0,0,0
complaint regarding berth panel loose,0,0,1,0,0,0,0,0
complaint regarding washbasin damaged,0,0,1,0,0,0,0,0
please help luggage rack broken,0,0,1,0,0,0,0,0
window glass cracked in my coach,0,0,1,0,0,0,0,0
sir berth panel loose,0,0,1,0,0,0,0,0
facing problem: window glass cracked,0,0,1,0,0,0,0,0
sir berth panel loose,0,0,1,0,0,0,0,0
sir washbasin damaged,0,0,1,0,0,0,0,0
luggage rack broken,0,0,1,0,0,0,0,0
berth panel loose urgently,0,0,1,0,0,0,0,0
seat broken in my coach,0,0,1,0,0,0,0,0
luggage rack broken in my coach,0,0,1,0,0,0,0,0
complaint regarding seat broken,0,0,1,0,0,0,0,0
sir berth panel loose,0,0,1,0,0,0,0,0
there is door not closing,0,0,1,0,0,0,0,0
facing problem: window glass cracked,0,0,1,0,0,0,0,0
there is seat broken,0,0,1,0,0,0,0,0
door not closing urgently,0,0,1,0,0,0,0,0
sir window glass cracked,0,0,1,0,0,0,0,0
please help luggage rack broken,0,0,1,0,0,0,0,0
facing problem: door not closing,0,0,1,0,0,0,0,0
window glass cracked in my coach,0,0,1,0,0,0,0,0
sir berth panel loose,0,0,1,0,0,0,0,0
facing problem: luggage rack broken,0,0,1,0,0,0,0,0
door not closing,0,0,1,0,0,0,0,0
sir window glass cracked,0,0,1,0,0,0,0,0
door not closing,0,0,1,0,0,0,0,0
complaint regarding berth panel loose,0,0,1,0,0,0,0,0
facing problem: luggage rack broken,0,0,1,0,0,0,0,0
there is seat broken,0,0,1,0,0,0,0,0
window glass cracked,0,0,1,0,0,0,0,0
facing problem: window glass cracked,0,0,1,0,0,0,0,0
please help washbasin damaged,0,0,1,0,0,0,0,0
please help luggage rack broken,0,0,1,0,0,0,0,0
door not closing in my coach,0,0,1,0,0,0,0,0
facing problem: suspicious person,0,0,0,1,0,0,0,0
facing problem: drunk passenger shouting,0,0,0,1,0,0,0,0
please help passenger fighting,0,0,0,1,0,0,0,0
complaint regarding harassment in coach,0,0,0,1,0,0,0,0
theft happened urgently,0,0,0,1,0,0,0,0
facing problem: someone threatening me,0,0,0,1,0,0,0,0
sir someone threatening me,0,0,0,1,0,0,0,0
there is someone threatening me,0,0,0,1,0,0,0,0
someone threatening me urgently,0,0,0,1,0,0,0,0
sir drunk passenger shouting,0,0,0,1,0,0,0,0
drunk passenger shouting in my coach,0,0,0,1,0,0,0,0
passenger fighting in my coach,0,0,0,1,0,0,0,0
sir theft happened,0,0,0,1,0,0,0,0
there is suspicious person,0,0,0,1,0,0,0,0
harassment in coach in my coach,0,0,0,1,0,0,0,0
facing problem: someone threatening me,0,0,0,1,0,0,0,0
harassment in coach,0,0,0,1,0,0,0,0
facing problem: theft happened,0,0,0,1,0,0,0,0
facing problem: passenger fighting,0,0,0,1,0,0,0,0
complaint regarding theft happened,0,0,0,1,0,0,0,0
there is suspicious person,0,0,0,1,0,0,0,0
suspicious person urgently,0,0,0,1,0,0,0,0
sir theft happened,0,0,0,1,0,0,0,0
theft happened urgently,0,0,0,1,0,0,0,0
theft happened in my coach,0,0,0,1,0,0,0,0
theft happened in my coach,0,0,0,1,0,0,0,0
complaint regarding drunk passenger shouting,0,0,0,1,0,0,0,0
there is harassment in coach,0,0,0,1,0,0,0,0
please help theft happened,0,0,0,1,0,0,0,0
there is passenger fighting,0,0,0,1,0,0,0,0
harassment in coach urgently,0,0,0,1,0,0,0,0
complaint regarding drunk passenger shouting,0,0,0,1,0,0,0,0
passenger fighting urgently,0,0,0,1,0,0,0,0
facing problem: passenger fighting,0,0,0,1,0,0,0,0
passenger fighting urgently,0,0,0,1,0,0,0,0
harassment in coach urgently,0,0,0,1,0,0,0,0
complaint regarding someone threatening me,0,0,0,1,0,0,0,0
please help drunk passenger shouting,0,0,0,1,0,0,0,0
drunk passenger shouting in my coach,0,0,0,1,0,0,0,0
drunk passenger shouting,0,0,0,1,0,0,0,0
there is drunk passenger shouting,0,0,0,1,0,0,0,0
facing problem: passenger fighting,0,0,0,1,0,0,0,0
suspicious person urgently,0,0,0,1,0,0,0,0
facing problem: drunk passenger shouting,0,0,0,1,0,0,0,0
passenger fighting urgently,0,0,0,1,0,0,0,0
sir passenger fighting,0,0,0,1,0,0,0,0
please help drunk passenger shouting,0,0,0,1,0,0,0,0
facing problem: drunk passenger shouting,0,0,0,1,0,0,0,0
sir someone threatening me,0,0,0,1,0,0,0,0
please help harassment in coach,0,0,0,1,0,0,0,0
there is harassment in coach,0,0,0,1,0,0,0,0
suspicious person in my coach,0,0,0,1,0,0,0,0
harassment in coach,0,0,0,1,0,0,0,0
facing problem: suspicious person,0,0,0,1,0,0,0,0
sir suspicious person,0,0,0,1,0,0,0,0
sir someone threatening me,0,0,0,1,0,0,0,0
someone threatening me,0,0,0,1,0,0,0,0
someone threatening me in my coach,0,0,0,1,0,0,0,0
please help theft happened,0,0,0,1,0,0,0,0
please help someone threatening me,0,0,0,1,0,0,0,0
sir passenger fighting,0,0,0,1,0,0,0,0
please help drunk passenger shouting,0,0,0,1,0,0,0,0
sir someone threatening me,0,0,0,1,0,0,0,0
there is theft happened,0,0,0,1,0,0,0,0
passenger fighting urgently,0,0,0,1,0,0,0,0
harassment in coach in my coach,0,0,0,1,0,0,0,0
facing problem: drunk passenger shouting,0,0,0,1,0,0,0,0
suspicious person urgently,0,0,0,1,0,0,0,0
harassment in coach urgently,0,0,0,1,0,0,0,0
please help suspicious person,0,0,0,1,0,0,0,0
there is theft happened,0,0,0,1,0,0,0,0
harassment in coach in my coach,0,0,0,1,0,0,0,0
complaint regarding theft happened,0,0,0,1,0,0,0,0
facing problem: harassment in coach,0,0,0,1,0,0,0,0
please help suspicious person,0,0,0,1,0,0,0,0
complaint regarding suspicious person,0,0,0,1,0,0,0,0
complaint regarding suspicious person,0,0,0,1,0,0,0,0
someone threatening me,0,0,0,1,0,0,0,0
complaint regarding harassment in coach,0,0,0,1,0,0,0,0
complaint regarding someone threatening me,0,0,0,1,0,0,0,0
sir drunk passenger shouting,0,0,0,1,0,0,0,0
sir theft happened,0,0,0,1,0,0,0,0
please help someone threatening me,0,0,0,1,0,0,0,0
please help harassment in coach,0,0,0,1,0,0,0,0
passenger fighting urgently,0,0,0,1,0,0,0,0
there is harassment in coach,0,0,0,1,0,0,0,0
complaint regarding suspicious person,0,0,0,1,0,0,0,0
drunk passenger shouting urgently,0,0,0,1,0,0,0,0
there is theft happened,0,0,0,1,0,0,0,0
please help someone threatening me,0,0,0,1,0,0,0,0
theft happened urgently,0,0,0,1,0,0,0,0
facing problem: passenger fighting,0,0,0,1,0,0,0,0
theft happened in my coach,0,0,0,1,0,0,0,0
complaint regarding someone threatening me,0,0,0,1,0,0,0,0
facing problem: passenger fighting,0,0,0,1,0,0,0,0
harassment in coach urgently,0,0,0,1,0,0,0,0
please help passenger fighting,0,0,0,1,0,0,0,0
complaint regarding theft happened,0,0,0,1,0,0,0,0
someone threatening me in my coach,0,0,0,1,0,0,0,0
complaint regarding someone threatening me,0,0,0,1,0,0,0,0
someone threatening me in my coach,0,0,0,1,0,0,0,0
someone threatening me in my coach,0,0,0,1,0,0,0,0
please help passenger fighting,0,0,0,1,0,0,0,0
someone threatening me,0,0,0,1,0,0,0,0
facing problem: someone threatening me,0,0,0,1,0,0,0,0
drunk passenger shouting,0,0,0,1,0,0,0,0
there is theft happened,0,0,0,1,0,0,0,0
facing problem: passenger fighting,0,0,0,1,0,0,0,0
facing problem: suspicious person,0,0,0,1,0,0,0,0
sir drunk passenger shouting,0,0,0,1,0,0,0,0
someone threatening me in my coach,0,0,0,1,0,0,0,0
complaint regarding passenger fighting,0,0,0,1,0,0,0,0
harassment in coach in my coach,0,0,0,1,0,0,0,0
facing problem: suspicious person,0,0,0,1,0,0,0,0
sir suspicious person,0,0,0,1,0,0,0,0
sir drunk passenger shouting,0,0,0,1,0,0,0,0
passenger fighting in my coach,0,0,0,1,0,0,0,0
drunk passenger shouting in my coach,0,0,0,1,0,0,0,0
there is someone threatening me,0,0,0,1,0,0,0,0
complaint regarding drunk passenger shouting,0,0,0,1,0,0,0,0
passenger fighting in my coach,0,0,0,1,0,0,0,0
suspicious person urgently,0,0,0,1,0,0,0,0
harassment in coach in my coach,0,0,0,1,0,0,0,0
please help suspicious person,0,0,0,1,0,0,0,0
there is someone threatening me,0,0,0,1,0,0,0,0
someone threatening me,0,0,0,1,0,0,0,0
facing problem: harassment in coach,0,0,0,1,0,0,0,0
please help someone threatening me,0,0,0,1,0,0,0,0
facing problem: drunk passenger shouting,0,0,0,1,0,0,0,0
someone threatening me in my coach,0,0,0,1,0,0,0,0
please help passenger fighting,0,0,0,1,0,0,0,0
please help someone threatening me,0,0,0,1,0,0,0,0
sir someone threatening me,0,0,0,1,0,0,0,0
complaint regarding harassment in coach,0,0,0,1,0,0,0,0
complaint regarding passenger fighting,0,0,0,1,0,0,0,0
there is harassment in coach,0,0,0,1,0,0,0,0
harassment in coach in my coach,0,0,0,1,0,0,0,0
sir someone threatening me,0,0,0,1,0,0,0,0
facing problem: passenger fighting,0,0,0,1,0,0,0,0
please help drunk passenger shouting,0,0,0,1,0,0,0,0
sir harassment in coach,0,0,0,1,0,0,0,0
passenger fighting urgently,0,0,0,1,0,0,0,0
complaint regarding theft happened,0,0,0,1,0,0,0,0
drunk passenger shouting,0,0,0,1,0,0,0,0
facing problem: drunk passenger shouting,0,0,0,1,0,0,0,0
please help passenger fighting,0,0,0,1,0,0,0,0
please help someone threatening me,0,0,0,1,0,0,0,0
drunk passenger shouting,0,0,0,1,0,0,0,0
please help passenger fighting,0,0,0,1,0,0,0,0
complaint regarding suspicious person,0,0,0,1,0,0,0,0
please help suspicious person,0,0,0,1,0,0,0,0
passenger fighting urgently,0,0,0,1,0,0,0,0
harassment in coach urgently,0,0,0,1,0,0,0,0
sir harassment in coach,0,0,0,1,0,0,0,0
drunk passenger shouting,0,0,0,1,0,0,0,0
there is suspicious person,0,0,0,1,0,0,0,0
there is passenger fighting,0,0,0,1,0,0,0,0
drunk passenger shouting in my coach,0,0,0,1,0,0,0,0
drunk passenger shouting urgently,0,0,0,1,0,0,0,0
facing problem: passenger fighting,0,0,0,1,0,0,0,0
drunk passenger shouting in my coach,0,0,0,1,0,0,0,0
someone threatening me,0,0,0,1,0,0,0,0
sir theft happened,0,0,0,1,0,0,0,0
facing problem: harassment in coach,0,0,0,1,0,0,0,0
complaint regarding harassment in coach,0,0,0,1,0,0,0,0
please help drunk passenger shouting,0,0,0,1,0,0,0,0
drunk passenger shouting in my coach,0,0,0,1,0,0,0,0
someone threatening me urgently,0,0,0,1,0,0,0,0
facing problem: suspicious person,0,0,0,1,0,0,0,0
complaint regarding harassment in coach,0,0,0,1,0,0,0,0
sir suspicious person,0,0,0,1,0,0,0,0
complaint regarding drunk passenger shouting,0,0,0,1,0,0,0,0
there is suspicious person,0,0,0,1,0,0,0,0
there is theft happened,0,0,0,1,0,0,0,0
sir passenger fighting,0,0,0,1,0,0,0,0
complaint regarding harassment in coach,0,0,0,1,0,0,0,0
there is suspicious person,0,0,0,1,0,0,0,0
facing problem: someone threatening me,0,0,0,1,0,0,0,0
sir theft happened,0,0,0,1,0,0,0,0
drunk passenger shouting urgently,0,0,0,1,0,0,0,0
please help someone threatening me,0,0,0,1,0,0,0,0
sir drunk passenger shouting,0,0,0,1,0,0,0,0
facing problem: theft happened,0,0,0,1,0,0,0,0
please help drunk passenger shouting,0,0,0,1,0,0,0,0
someone threatening me,0,0,0,1,0,0,0,0
complaint regarding passenger fighting,0,0,0,1,0,0,0,0
facing problem: harassment in coach,0,0,0,1,0,0,0,0
please help someone threatening me,0,0,0,1,0,0,0,0
complaint regarding passenger fighting,0,0,0,1,0,0,0,0
facing problem: theft happened,0,0,0,1,0,0,0,0
please help drunk passenger shouting,0,0,0,1,0,0,0,0
harassment in coach,0,0,0,1,0,0,0,0
harassment in coach urgently,0,0,0,1,0,0,0,0
facing problem: harassment in coach,0,0,0,1,0,0,0,0
complaint regarding someone threatening me,0,0,0,1,0,0,0,0
someone threatening me urgently,0,0,0,1,0,0,0,0
theft happened urgently,0,0,0,1,0,0,0,0
facing problem: suspicious person,0,0,0,1,0,0,0,0
drunk passenger shouting in my coach,0,0,0,1,0,0,0,0
someone threatening me urgently,0,0,0,1,0,0,0,0
sir harassment in coach,0,0,0,1,0,0,0,0
facing problem: suspicious person,0,0,0,1,0,0,0,0
there is harassment in coach,0,0,0,1,0,0,0,0
facing problem: drunk passenger shouting,0,0,0,1,0,0,0,0
complaint regarding suspicious person,0,0,0,1,0,0,0,0
please help harassment in coach,0,0,0,1,0,0,0,0
complaint regarding passenger fighting,0,0,0,1,0,0,0,0
suspicious person urgently,0,0,0,1,0,0,0,0
complaint regarding someone threatening me,0,0,0,1,0,0,0,0
please help passenger fighting,0,0,0,1,0,0,0,0
facing problem: suspicious person,0,0,0,1,0,0,0,0
there is someone threatening me,0,0,0,1,0,0,0,0
there is someone threatening me,0,0,0,1,0,0,0,0
harassment in coach,0,0,0,1,0,0,0,0
sir theft happened,0,0,0,1,0,0,0,0
someone threatening me urgently,0,0,0,1,0,0,0,0
theft happened in my coach,0,0,0,1,0,0,0,0
suspicious person urgently,0,0,0,1,0,0,0,0
facing problem: passenger fighting,0,0,0,1,0,0,0,0
complaint regarding suspicious person,0,0,0,1,0,0,0,0
complaint regarding suspicious person,0,0,0,1,0,0,0,0
there is theft happened,0,0,0,1,0,0,0,0
drunk passenger shouting in my coach,0,0,0,1,0,0,0,0
sir suspicious person,0,0,0,1,0,0,0,0
sir suspicious person,0,0,0,1,0,0,0,0
sir theft happened,0,0,0,1,0,0,0,0
there is passenger fighting,0,0,0,1,0,0,0,0
sir passenger fighting,0,0,0,1,0,0,0,0
sir harassment in coach,0,0,0,1,0,0,0,0
sir drunk passenger shouting,0,0,0,1,0,0,0,0
sir passenger fighting,0,0,0,1,0,0,0,0
drunk passenger shouting in my coach,0,0,0,1,0,0,0,0
drunk passenger shouting in my coach,0,0,0,1,0,0,0,0
sir someone threatening me,0,0,0,1,0,0,0,0
drunk passenger shouting,0,0,0,1,0,0,0,0
please help theft happened,0,0,0,1,0,0,0,0
someone threatening me,0,0,0,1,0,0,0,0
there is passenger fighting,0,0,0,1,0,0,0,0
drunk passenger shouting urgently,0,0,0,1,0,0,0,0
sir harassment in coach,0,0,0,1,0,0,0,0
please help harassment in coach,0,0,0,1,0,0,0,0
sir someone threatening me,0,0,0,1,0,0,0,0
facing problem: theft happened,0,0,0,1,0,0,0,0
passenger fighting in my coach,0,0,0,1,0,0,0,0
please help passenger fighting,0,0,0,1,0,0,0,0
harassment in coach,0,0,0,1,0,0,0,0
sir harassment in coach,0,0,0,1,0,0,0,0
drunk passenger shouting,0,0,0,1,0,0,0,0
drunk passenger shouting,0,0,0,1,0,0,0,0
someone threatening me,0,0,0,1,0,0,0,0
please help drunk passenger shouting,0,0,0,1,0,0,0,0
facing problem: passenger fighting,0,0,0,1,0,0,0,0
complaint regarding drunk passenger shouting,0,0,0,1,0,0,0,0
drunk passenger shouting in my coach,0,0,0,1,0,0,0,0
suspicious person urgently,0,0,0,1,0,0,0,0
sir someone threatening me,0,0,0,1,0,0,0,0
sir passenger fighting,0,0,0,1,0,0,0,0
drunk passenger shouting urgently,0,0,0,1,0,0,0,0
there is drunk passenger shouting,0,0,0,1,0,0,0,0
theft happened urgently,0,0,0,1,0,0,0,0
passenger fighting in my coach,0,0,0,1,0,0,0,0
facing problem: someone threatening me,0,0,0,1,0,0,0,0
please help harassment in coach,0,0,0,1,0,0,0,0
facing problem: suspicious person,0,0,0,1,0,0,0,0
please help someone threatening me,0,0,0,1,0,0,0,0
sir harassment in coach,0,0,0,1,0,0,0,0
sir drunk passenger shouting,0,0,0,1,0,0,0,0
complaint regarding theft happened,0,0,0,1,0,0,0,0
complaint regarding someone threatening me,0,0,0,1,0,0,0,0
complaint regarding passenger fighting,0,0,0,1,0,0,0,0
please help theft happened,0,0,0,1,0,0,0,0
there is passenger fighting,0,0,0,1,0,0,0,0
harassment in coach urgently,0,0,0,1,0,0,0,0
there is theft happened,0,0,0,1,0,0,0,0
there is harassment in coach,0,0,0,1,0,0,0,0
there is someone threatening me,0,0,0,1,0,0,0,0
facing problem: theft happened,0,0,0,1,0,0,0,0
theft happened urgently,0,0,0,1,0,0,0,0
sir suspicious person,0,0,0,1,0,0,0,0
drunk passenger shouting,0,0,0,1,0,0,0,0
passenger fighting in my coach,0,0,0,1,0,0,0,0
suspicious person in my coach,0,0,0,1,0,0,0,0
harassment in coach urgently,0,0,0,1,0,0,0,0
there is theft happened,0,0,0,1,0,0,0,0
attendant not helping urgently,0,0,0,0,1,0,0,0
ticket checker shouting urgently,0,0,0,0,1,0,0,0
sir staff rude,0,0,0,0,1,0,0,0
there is TT misbehaving,0,0,0,0,1,0,0,0
there is staff rude,0,0,0,0,1,0,0,0
complaint regarding attendant not helping,0,0,0,0,1,0,0,0
sir attendant not helping,0,0,0,0,1,0,0,0
facing problem: attendant not helping,0,0,0,0,1,0,0,0
please help no response from railway staff,0,0,0,0,1,0,0,0
facing problem: ticket checker shouting,0,0,0,0,1,0,0,0
facing problem: no response from railway staff,0,0,0,0,1,0,0,0
no response from railway staff in my coach,0,0,0,0,1,0,0,0
facing problem: ticket checker shouting,0,0,0,0,1,0,0,0
facing problem: attendant not helping,0,0,0,0,1,0,0,0
please help TT misbehaving,0,0,0,0,1,0,0,0
facing problem: staff rude,0,0,0,0,1,0,0,0
sir ticket checker shouting,0,0,0,0,1,0,0,0
facing problem: attendant not helping,0,0,0,0,1,0,0,0
please help attendant not helping,0,0,0,0,1,0,0,0
facing problem: no response from railway staff,0,0,0,0,1,0,0,0
there is TT misbehaving,0,0,0,0,1,0,0,0
there is ticket checker shouting,0,0,0,0,1,0,0,0
no response from railway staff in my coach,0,0,0,0,1,0,0,0
TT misbehaving in my coach,0,0,0,0,1,0,0,0
facing problem: ticket checker shouting,0,0,0,0,1,0,0,0
attendant not helping,0,0,0,0,1,0,0,0
sir attendant not helping,0,0,0,0,1,0,0,0
TT misbehaving urgently,0,0,0,0,1,0,0,0
ticket checker shouting urgently,0,0,0,0,1,0,0,0
sir no response from railway staff,0,0,0,0,1,0,0,0
facing problem: staff rude,0,0,0,0,1,0,0,0
there is attendant not helping,0,0,0,0,1,0,0,0
TT misbehaving in my coach,0,0,0,0,1,0,0,0
please help TT misbehaving,0,0,0,0,1,0,0,0
complaint regarding staff rude,0,0,0,0,1,0,0,0
please help ticket checker shouting,0,0,0,0,1,0,0,0
staff rude urgently,0,0,0,0,1,0,0,0
there is staff rude,0,0,0,0,1,0,0,0
TT misbehaving urgently,0,0,0,0,1,0,0,0
complaint regarding no response from railway staff,0,0,0,0,1,0,0,0
complaint regarding no response from railway staff,0,0,0,0,1,0,0,0
please help no response from railway staff,0,0,0,0,1,0,0,0
there is attendant not helping,0,0,0,0,1,0,0,0
no response from railway staff in my coach,0,0,0,0,1,0,0,0
ticket checker shouting,0,0,0,0,1,0,0,0
facing problem: TT misbehaving,0,0,0,0,1,0,0,0
there is attendant not helping,0,0,0,0,1,0,0,0
there is ticket checker shouting,0,0,0,0,1,0,0,0
ticket checker shouting,0,0,0,0,1,0,0,0
sir staff rude,0,0,0,0,1,0,0,0
sir TT misbehaving,0,0,0,0,1,0,0,0
attendant not helping urgently,0,0,0,0,1,0,0,0
please help TT misbehaving,0,0,0,0,1,0,0,0
complaint regarding TT misbehaving,0,0,0,0,1,0,0,0
TT misbehaving urgently,0,0,0,0,1,0,0,0
there is attendant not helping,0,0,0,0,1,0,0,0
facing problem: TT misbehaving,0,0,0,0,1,0,0,0
complaint regarding TT misbehaving,0,0,0,0,1,0,0,0
TT misbehaving in my coach,0,0,0,0,1,0,0,0
facing problem: ticket checker shouting,0,0,0,0,1,0,0,0
facing problem: ticket checker shouting,0,0,0,0,1,0,0,0
complaint regarding TT misbehaving,0,0,0,0,1,0,0,0
sir staff rude,0,0,0,0,1,0,0,0
no response from railway staff in my coach,0,0,0,0,1,0,0,0
there is staff rude,0,0,0,0,1,0,0,0
staff rude in my coach,0,0,0,0,1,0,0,0
attendant not helping,0,0,0,0,1,0,0,0
please help TT misbehaving,0,0,0,0,1,0,0,0
TT misbehaving urgently,0,0,0,0,1,0,0,0
there is attendant not helping,0,0,0,0,1,0,0,0
staff rude urgently,0,0,0,0,1,0,0,0
attendant not helping,0,0,0,0,1,0,0,0
facing problem: staff rude,0,0,0,0,1,0,0,0
there is TT misbehaving,0,0,0,0,1,0,0,0
ticket checker shouting urgently,0,0,0,0,1,0,0,0
there is TT misbehaving,0,0,0,0,1,0,0,0
sir attendant not helping,0,0,0,0,1,0,0,0
TT misbehaving urgently,0,0,0,0,1,0,0,0
sir attendant not helping,0,0,0,0,1,0,0,0
facing problem: ticket checker shouting,0,0,0,0,1,0,0,0
no response from railway staff,0,0,0,0,1,0,0,0
staff rude urgently,0,0,0,0,1,0,0,0
attendant not helping in my coach,0,0,0,0,1,0,0,0
facing problem: staff rude,0,0,0,0,1,0,0,0
complaint regarding no response from railway staff,0,0,0,0,1,0,0,0
sir staff rude,0,0,0,0,1,0,0,0
complaint regarding TT misbehaving,0,0,0,0,1,0,0,0
complaint regarding attendant not helping,0,0,0,0,1,0,0,0
please help staff rude,0,0,0,0,1,0,0,0
complaint regarding no response from railway staff,0,0,0,0,1,0,0,0
facing problem: no response from railway staff,0,0,0,0,1,0,0,0
no response from railway staff in my coach,0,0,0,0,1,0,0,0
sir TT misbehaving,0,0,0,0,1,0,0,0
please help staff rude,0,0,0,0,1,0,0,0
attendant not helping,0,0,0,0,1,0,0,0
complaint regarding no response from railway staff,0,0,0,0,1,0,0,0
please help TT misbehaving,0,0,0,0,1,0,0,0
complaint regarding ticket checker shouting,0,0,0,0,1,0,0,0
there is staff rude,0,0,0,0,1,0,0,0
complaint regarding no response from railway staff,0,0,0,0,1,0,0,0
no response from railway staff,0,0,0,0,1,0,0,0
staff rude in my coach,0,0,0,0,1,0,0,0
attendant not helping urgently,0,0,0,0,1,0,0,0
complaint regarding attendant not helping,0,0,0,0,1,0,0,0
attendant not helping in my coach,0,0,0,0,1,0,0,0
sir ticket checker shouting,0,0,0,0,1,0,0,0
ticket checker shouting,0,0,0,0,1,0,0,0
complaint regarding ticket checker shouting,0,0,0,0,1,0,0,0
staff rude urgently,0,0,0,0,1,0,0,0
no response from railway staff in my coach,0,0,0,0,1,0,0,0
please help no response from railway staff,0,0,0,0,1,0,0,0
please help attendant not helping,0,0,0,0,1,0,0,0
sir staff rude,0,0,0,0,1,0,0,0
facing problem: ticket checker shouting,0,0,0,0,1,0,0,0
sir ticket checker shouting,0,0,0,0,1,0,0,0
there is staff rude,0,0,0,0,1,0,0,0
staff rude urgently,0,0,0,0,1,0,0,0
sir no response from railway staff,0,0,0,0,1,0,0,0
please help no response from railway staff,0,0,0,0,1,0,0,0
sir TT misbehaving,0,0,0,0,1,0,0,0
TT misbehaving in my coach,0,0,0,0,1,0,0,0
there is attendant not helping,0,0,0,0,1,0,0,0
there is staff rude,0,0,0,0,1,0,0,0
complaint regarding ticket checker shouting,0,0,0,0,1,0,0,0
ticket checker shouting in my coach,0,0,0,0,1,0,0,0
ticket checker shouting urgently,0,0,0,0,1,0,0,0
facing problem: ticket checker shouting,0,0,0,0,1,0,0,0
facing problem: no response from railway staff,0,0,0,0,1,0,0,0
sir ticket checker shouting,0,0,0,0,1,0,0,0
no response from railway staff in my coach,0,0,0,0,1,0,0,0
sir ticket checker shouting,0,0,0,0,1,0,0,0
sir TT misbehaving,0,0,0,0,1,0,0,0
complaint regarding ticket checker shouting,0,0,0,0,1,0,0,0
please help TT misbehaving,0,0,0,0,1,0,0,0
no response from railway staff in my coach,0,0,0,0,1,0,0,0
sir attendant not helping,0,0,0,0,1,0,0,0
there is attendant not helping,0,0,0,0,1,0,0,0
TT misbehaving in my coach,0,0,0,0,1,0,0,0
sir ticket checker shouting,0,0,0,0,1,0,0,0
facing problem: attendant not helping,0,0,0,0,1,0,0,0
facing problem: staff rude,0,0,0,0,1,0,0,0
sir TT misbehaving,0,0,0,0,1,0,0,0
please help staff rude,0,0,0,0,1,0,0,0
no response from railway staff in my coach,0,0,0,0,1,0,0,0
complaint regarding no response from railway staff,0,0,0,0,1,0,0,0
TT misbehaving in my coach,0,0,0,0,1,0,0,0
there is staff rude,0,0,0,0,1,0,0,0
facing problem: attendant not helping,0,0,0,0,1,0,0,0
complaint regarding attendant not helping,0,0,0,0,1,0,0,0
attendant not helping,0,0,0,0,1,0,0,0
facing problem: attendant not helping,0,0,0,0,1,0,0,0
sir staff rude,0,0,0,0,1,0,0,0
ticket checker shouting urgently,0,0,0,0,1,0,0,0
facing problem: staff rude,0,0,0,0,1,0,0,0
complaint regarding attendant not helping,0,0,0,0,1,0,0,0
complaint regarding staff rude,0,0,0,0,1,0,0,0
sir no response from railway staff,0,0,0,0,1,0,0,0
sir ticket checker shouting,0,0,0,0,1,0,0,0
there is no response from railway staff,0,0,0,0,1,0,0,0
attendant not helping,0,0,0,0,1,0,0,0
there is ticket checker shouting,0,0,0,0,1,0,0,0
sir attendant not helping,0,0,0,0,1,0,0,0
complaint regarding no response from railway staff,0,0,0,0,1,0,0,0
complaint regarding ticket checker shouting,0,0,0,0,1,0,0,0
staff rude in my coach,0,0,0,0,1,0,0,0
facing problem: ticket checker shouting,0,0,0,0,1,0,0,0
please help ticket checker shouting,0,0,0,0,1,0,0,0
there is staff rude,0,0,0,0,1,0,0,0
complaint regarding ticket checker shouting,0,0,0,0,1,0,0,0
no response from railway staff,0,0,0,0,1,0,0,0
TT misbehaving in my coach,0,0,0,0,1,0,0,0
please help staff rude,0,0,0,0,1,0,0,0
sir no response from railway staff,0,0,0,0,1,0,0,0
sir no response from railway staff,0,0,0,0,1,0,0,0
complaint regarding attendant not helping,0,0,0,0,1,0,0,0
attendant not helping in my coach,0,0,0,0,1,0,0,0
complaint regarding ticket checker shouting,0,0,0,0,1,0,0,0
ticket checker shouting,0,0,0,0,1,0,0,0
TT misbehaving in my coach,0,0,0,0,1,0,0,0
attendant not helping urgently,0,0,0,0,1,0,0,0
ticket checker shouting in my coach,0,0,0,0,1,0,0,0
sir attendant not helping,0,0,0,0,1,0,0,0
complaint regarding no response from railway staff,0,0,0,0,1,0,0,0
ticket checker shouting urgently,0,0,0,0,1,0,0,0
ticket checker shouting,0,0,0,0,1,0,0,0
ticket checker shouting,0,0,0,0,1,0,0,0
please help no response from railway staff,0,0,0,0,1,0,0,0
there is ticket checker shouting,0,0,0,0,1,0,0,0
sir staff rude,0,0,0,0,1,0,0,0
please help no response from railway staff,0,0,0,0,1,0,0,0
attendant not helping in my coach,0,0,0,0,1,0,0,0
there is staff rude,0,0,0,0,1,0,0,0
staff rude in my coach,0,0,0,0,1,0,0,0
complaint regarding TT misbehaving,0,0,0,0,1,0,0,0
please help attendant not helping,0,0,0,0,1,0,0,0
facing problem: ticket checker shouting,0,0,0,0,1,0,0,0
please help no response from railway staff,0,0,0,0,1,0,0,0
sir attendant not helping,0,0,0,0,1,0,0,0
facing problem: staff rude,0,0,0,0,1,0,0,0
facing problem: TT misbehaving,0,0,0,0,1,0,0,0
complaint regarding no response from railway staff,0,0,0,0,1,0,0,0
no response from railway staff urgently,0,0,0,0,1,0,0,0
facing problem: TT misbehaving,0,0,0,0,1,0,0,0
facing problem: attendant not helping,0,0,0,0,1,0,0,0
please help TT misbehaving,0,0,0,0,1,0,0,0
facing problem: staff rude,0,0,0,0,1,0,0,0
there is no response from railway staff,0,0,0,0,1,0,0,0
please help attendant not helping,0,0,0,0,1,0,0,0
TT misbehaving in my coach,0,0,0,0,1,0,0,0
sir staff rude,0,0,0,0,1,0,0,0
there is attendant not helping,0,0,0,0,1,0,0,0
ticket checker shouting urgently,0,0,0,0,1,0,0,0
sir attendant not helping,0,0,0,0,1,0,0,0
complaint regarding ticket checker shouting,0,0,0,0,1,0,0,0
sir ticket checker shouting,0,0,0,0,1,0,0,0
sir TT misbehaving,0,0,0,0,1,0,0,0
facing problem: TT misbehaving,0,0,0,0,1,0,0,0
complaint regarding no response from railway staff,0,0,0,0,1,0,0,0
facing problem: no response from railway staff,0,0,0,0,1,0,0,0
ticket checker shouting,0,0,0,0,1,0,0,0
there is TT misbehaving,0,0,0,0,1,0,0,0
staff rude urgently,0,0,0,0,1,0,0,0
TT misbehaving in my coach,0,0,0,0,1,0,0,0
please help attendant not helping,0,0,0,0,1,0,0,0
staff rude in my coach,0,0,0,0,1,0,0,0
sir attendant not helping,0,0,0,0,1,0,0,0
there is attendant not helping,0,0,0,0,1,0,0,0
there is attendant not helping,0,0,0,0,1,0,0,0
complaint regarding staff rude,0,0,0,0,1,0,0,0
sir no response from railway staff,0,0,0,0,1,0,0,0
attendant not helping,0,0,0,0,1,0,0,0
please help TT misbehaving,0,0,0,0,1,0,0,0
please help no response from railway staff,0,0,0,0,1,0,0,0
please help ticket checker shouting,0,0,0,0,1,0,0,0
facing problem: no response from railway staff,0,0,0,0,1,0,0,0
attendant not helping,0,0,0,0,1,0,0,0
there is no response from railway staff,0,0,0,0,1,0,0,0
there is TT misbehaving,0,0,0,0,1,0,0,0
please help staff rude,0,0,0,0,1,0,0,0
complaint regarding no response from railway staff,0,0,0,0,1,0,0,0
there is staff rude,0,0,0,0,1,0,0,0
TT misbehaving urgently,0,0,0,0,1,0,0,0
sir TT misbehaving,0,0,0,0,1,0,0,0
no response from railway staff in my coach,0,0,0,0,1,0,0,0
ticket checker shouting urgently,0,0,0,0,1,0,0,0
sir ticket checker shouting,0,0,0,0,1,0,0,0
sir TT misbehaving,0,0,0,0,1,0,0,0
no response from railway staff,0,0,0,0,1,0,0,0
TT misbehaving urgently,0,0,0,0,1,0,0,0
there is staff rude,0,0,0,0,1,0,0,0
attendant not helping,0,0,0,0,1,0,0,0
please help attendant not helping,0,0,0,0,1,0,0,0
facing problem: TT misbehaving,0,0,0,0,1,0,0,0
no response from railway staff,0,0,0,0,1,0,0,0
complaint regarding staff rude,0,0,0,0,1,0,0,0
complaint regarding TT misbehaving,0,0,0,0,1,0,0,0
facing problem: staff rude,0,0,0,0,1,0,0,0
please help ticket checker shouting,0,0,0,0,1,0,0,0
ticket checker shouting,0,0,0,0,1,0,0,0
please help ticket checker shouting,0,0,0,0,1,0,0,0
complaint regarding attendant not helping,0,0,0,0,1,0,0,0
there is attendant not helping,0,0,0,0,1,0,0,0
TT misbehaving urgently,0,0,0,0,1,0,0,0
sir attendant not helping,0,0,0,0,1,0,0,0
sir ticket checker shouting,0,0,0,0,1,0,0,0
ticket checker shouting in my coach,0,0,0,0,1,0,0,0
there is ticket checker shouting,0,0,0,0,1,0,0,0
ticket checker shouting urgently,0,0,0,0,1,0,0,0
no response from railway staff in my coach,0,0,0,0,1,0,0,0
attendant not helping,0,0,0,0,1,0,0,0
staff rude urgently,0,0,0,0,1,0,0,0
sir no response from railway staff,0,0,0,0,1,0,0,0
there is staff rude,0,0,0,0,1,0,0,0
please help attendant not helping,0,0,0,0,1,0,0,0
there is ticket checker shouting,0,0,0,0,1,0,0,0
staff rude in my coach,0,0,0,0,1,0,0,0
there is no response from railway staff,0,0,0,0,1,0,0,0
facing problem: no response from railway staff,0,0,0,0,1,0,0,0
please help TT misbehaving,0,0,0,0,1,0,0,0
there is TT misbehaving,0,0,0,0,1,0,0,0
sir staff rude,0,0,0,0,1,0,0,0
ticket checker shouting in my coach,0,0,0,0,1,0,0,0
staff rude urgently,0,0,0,0,1,0,0,0
please help ticket checker shouting,0,0,0,0,1,0,0,0
there is attendant not helping,0,0,0,0,1,0,0,0
there is ticket checker shouting,0,0,0,0,1,0,0,0
please help staff rude,0,0,0,0,1,0,0,0
overpriced food in my coach,0,0,0,0,0,1,0,0
pantry not giving meal in my coach,0,0,0,0,0,1,0,0
complaint regarding water bottle expired,0,0,0,0,0,1,0,0
food quality bad in my coach,0,0,0,0,0,1,0,0
facing problem: water bottle expired,0,0,0,0,0,1,0,0
complaint regarding water bottle expired,0,0,0,0,0,1,0,0
complaint regarding stale food served,0,0,0,0,0,1,0,0
complaint regarding pantry not giving meal,0,0,0,0,0,1,0,0
sir pantry not giving meal,0,0,0,0,0,1,0,0
food quality bad in my coach,0,0,0,0,0,1,0,0
water bottle expired in my coach,0,0,0,0,0,1,0,0
sir overpriced food,0,0,0,0,0,1,0,0
please help pantry not giving meal,0,0,0,0,0,1,0,0
facing problem: overpriced food,0,0,0,0,0,1,0,0
food quality bad urgently,0,0,0,0,0,1,0,0
food quality bad urgently,0,0,0,0,0,1,0,0
water bottle expired urgently,0,0,0,0,0,1,0,0
sir water bottle expired,0,0,0,0,0,1,0,0
there is overpriced food,0,0,0,0,0,1,0,0
stale food served in my coach,0,0,0,0,0,1,0,0
complaint regarding food quality bad,0,0,0,0,0,1,0,0
facing problem: food quality bad,0,0,0,0,0,1,0,0
please help overpriced food,0,0,0,0,0,1,0,0
pantry not giving meal urgently,0,0,0,0,0,1,0,0
please help stale food served,0,0,0,0,0,1,0,0
water bottle expired,0,0,0,0,0,1,0,0
complaint regarding stale food served,0,0,0,0,0,1,0,0
stale food served urgently,0,0,0,0,0,1,0,0
stale food served urgently,0,0,0,0,0,1,0,0
please help stale food served,0,0,0,0,0,1,0,0
there is water bottle expired,0,0,0,0,0,1,0,0
stale food served urgently,0,0,0,0,0,1,0,0
stale food served,0,0,0,0,0,1,0,0
facing problem: pantry not giving meal,0,0,0,0,0,1,0,0
facing problem: food quality bad,0,0,0,0,0,1,0,0
facing problem: overpriced food,0,0,0,0,0,1,0,0
facing problem: food quality bad,0,0,0,0,0,1,0,0
sir food quality bad,0,0,0,0,0,1,0,0
water bottle expired urgently,0,0,0,0,0,1,0,0
sir food quality bad,0,0,0,0,0,1,0,0
please help pantry not giving meal,0,0,0,0,0,1,0,0
overpriced food in my coach,0,0,0,0,0,1,0,0
complaint regarding overpriced food,0,0,0,0,0,1,0,0
there is water bottle expired,0,0,0,0,0,1,0,0
please help water bottle expired,0,0,0,0,0,1,0,0
there is stale food served,0,0,0,0,0,1,0,0
facing problem: food quality bad,0,0,0,0,0,1,0,0
there is overpriced food,0,0,0,0,0,1,0,0
pantry not giving meal in my coach,0,0,0,0,0,1,0,0
complaint regarding pantry not giving meal,0,0,0,0,0,1,0,0
complaint regarding overpriced food,0,0,0,0,0,1,0,0
complaint regarding water bottle expired,0,0,0,0,0,1,0,0
there is food quality bad,0,0,0,0,0,1,0,0
there is stale food served,0,0,0,0,0,1,0,0
there is overpriced food,0,0,0,0,0,1,0,0
facing problem: pantry not giving meal,0,0,0,0,0,1,0,0
sir overpriced food,0,0,0,0,0,1,0,0
there is stale food served,0,0,0,0,0,1,0,0
food quality bad,0,0,0,0,0,1,0,0
food quality bad,0,0,0,0,0,1,0,0
facing problem: water bottle expired,0,0,0,0,0,1,0,0
overpriced food urgently,0,0,0,0,0,1,0,0
overpriced food in my coach,0,0,0,0,0,1,0,0
pantry not giving meal urgently,0,0,0,0,0,1,0,0
complaint regarding water bottle expired,0,0,0,0,0,1,0,0
there is overpriced food,0,0,0,0,0,1,0,0
complaint regarding pantry not giving meal,0,0,0,0,0,1,0,0
sir food quality bad,0,0,0,0,0,1,0,0
pantry not giving meal in my coach,0,0,0,0,0,1,0,0
complaint regarding stale food served,0,0,0,0,0,1,0,0
complaint regarding overpriced food,0,0,0,0,0,1,0,0
overpriced food urgently,0,0,0,0,0,1,0,0
complaint regarding overpriced food,0,0,0,0,0,1,0,0
stale food served,0,0,0,0,0,1,0,0
stale food served in my coach,0,0,0,0,0,1,0,0
complaint regarding overpriced food,0,0,0,0,0,1,0,0
complaint regarding overpriced food,0,0,0,0,0,1,0,0
there is water bottle expired,0,0,0,0,0,1,0,0
food quality bad in my coach,0,0,0,0,0,1,0,0
there is stale food served,0,0,0,0,0,1,0,0
pantry not giving meal in my coach,0,0,0,0,0,1,0,0
pantry not giving meal urgently,0,0,0,0,0,1,0,0
please help pantry not giving meal,0,0,0,0,0,1,0,0
water bottle expired in my coach,0,0,0,0,0,1,0,0
sir stale food served,0,0,0,0,0,1,0,0
facing problem: overpriced food,0,0,0,0,0,1,0,0
food quality bad urgently,0,0,0,0,0,1,0,0
pantry not giving meal urgently,0,0,0,0,0,1,0,0
pantry not giving meal urgently,0,0,0,0,0,1,0,0
please help pantry not giving meal,0,0,0,0,0,1,0,0
food quality bad in my coach,0,0,0,0,0,1,0,0
sir stale food served,0,0,0,0,0,1,0,0
there is overpriced food,0,0,0,0,0,1,0,0
please help overpriced food,0,0,0,0,0,1,0,0
water bottle expired,0,0,0,0,0,1,0,0
there is stale food served,0,0,0,0,0,1,0,0
complaint regarding stale food served,0,0,0,0,0,1,0,0
facing problem: water bottle expired,0,0,0,0,0,1,0,0
water bottle expired,0,0,0,0,0,1,0,0
facing problem: stale food served,0,0,0,0,0,1,0,0
water bottle expired,0,0,0,0,0,1,0,0
food quality bad in my coach,0,0,0,0,0,1,0,0
sir stale food served,0,0,0,0,0,1,0,0
complaint regarding stale food served,0,0,0,0,0,1,0,0
there is food quality bad,0,0,0,0,0,1,0,0
sir stale food served,0,0,0,0,0,1,0,0
stale food served in my coach,0,0,0,0,0,1,0,0
complaint regarding stale food served,0,0,0,0,0,1,0,0
food quality bad,0,0,0,0,0,1,0,0
sir pantry not giving meal,0,0,0,0,0,1,0,0
complaint regarding stale food served,0,0,0,0,0,1,0,0
complaint regarding food quality bad,0,0,0,0,0,1,0,0
pantry not giving meal urgently,0,0,0,0,0,1,0,0
complaint regarding overpriced food,0,0,0,0,0,1,0,0
please help pantry not giving meal,0,0,0,0,0,1,0,0
water bottle expired in my coach,0,0,0,0,0,1,0,0
sir stale food served,0,0,0,0,0,1,0,0
there is food quality bad,0,0,0,0,0,1,0,0
sir stale food served,0,0,0,0,0,1,0,0
sir pantry not giving meal,0,0,0,0,0,1,0,0
water bottle expired in my coach,0,0,0,0,0,1,0,0
food quality bad urgently,0,0,0,0,0,1,0,0
please help overpriced food,0,0,0,0,0,1,0,0
food quality bad,0,0,0,0,0,1,0,0
sir overpriced food,0,0,0,0,0,1,0,0
food quality bad in my coach,0,0,0,0,0,1,0,0
pantry not giving meal urgently,0,0,0,0,0,1,0,0
there is overpriced food,0,0,0,0,0,1,0,0
overpriced food in my coach,0,0,0,0,0,1,0,0
pantry not giving meal,0,0,0,0,0,1,0,0
sir overpriced food,0,0,0,0,0,1,0,0
stale food served,0,0,0,0,0,1,0,0
complaint regarding water bottle expired,0,0,0,0,0,1,0,0
complaint regarding food quality bad,0,0,0,0,0,1,0,0
there is stale food served,0,0,0,0,0,1,0,0
there is water bottle expired,0,0,0,0,0,1,0,0
there is stale food served,0,0,0,0,0,1,0,0
there is food quality bad,0,0,0,0,0,1,0,0
overpriced food in my coach,0,0,0,0,0,1,0,0
overpriced food in my coach,0,0,0,0,0,1,0,0
facing problem: food quality bad,0,0,0,0,0,1,0,0
facing problem: water bottle expired,0,0,0,0,0,1,0,0
there is overpriced food,0,0,0,0,0,1,0,0
sir overpriced food,0,0,0,0,0,1,0,0
complaint regarding food quality bad,0,0,0,0,0,1,0,0
pantry not giving meal in my coach,0,0,0,0,0,1,0,0
food quality bad in my coach,0,0,0,0,0,1,0,0
stale food served in my coach,0,0,0,0,0,1,0,0
stale food served in my coach,0,0,0,0,0,1,0,0
there is overpriced food,0,0,0,0,0,1,0,0
there is food quality bad,0,0,0,0,0,1,0,0
pantry not giving meal in my coach,0,0,0,0,0,1,0,0
sir pantry not giving meal,0,0,0,0,0,1,0,0
stale food served in my coach,0,0,0,0,0,1,0,0
stale food served,0,0,0,0,0,1,0,0
overpriced food in my coach,0,0,0,0,0,1,0,0
food quality bad,0,0,0,0,0,1,0,0
complaint regarding overpriced food,0,0,0,0,0,1,0,0
sir water bottle expired,0,0,0,0,0,1,0,0
facing problem: overpriced food,0,0,0,0,0,1,0,0
food quality bad in my coach,0,0,0,0,0,1,0,0
facing problem: overpriced food,0,0,0,0,0,1,0,0
please help overpriced food,0,0,0,0,0,1,0,0
water bottle expired in my coach,0,0,0,0,0,1,0,0
water bottle expired urgently,0,0,0,0,0,1,0,0
sir pantry not giving meal,0,0,0,0,0,1,0,0
water bottle expired,0,0,0,0,0,1,0,0
there is overpriced food,0,0,0,0,0,1,0,0
water bottle expired urgently,0,0,0,0,0,1,0,0
overpriced food urgently,0,0,0,0,0,1,0,0
sir overpriced food,0,0,0,0,0,1,0,0
pantry not giving meal,0,0,0,0,0,1,0,0
water bottle expired in my coach,0,0,0,0,0,1,0,0
food quality bad urgently,0,0,0,0,0,1,0,0
facing problem: water bottle expired,0,0,0,0,0,1,0,0
water bottle expired urgently,0,0,0,0,0,1,0,0
stale food served,0,0,0,0,0,1,0,0
sir stale food served,0,0,0,0,0,1,0,0
food quality bad in my coach,0,0,0,0,0,1,0,0
sir water bottle expired,0,0,0,0,0,1,0,0
sir stale food served,0,0,0,0,0,1,0,0
overpriced food urgently,0,0,0,0,0,1,0,0
please help food quality bad,0,0,0,0,0,1,0,0
there is pantry not giving meal,0,0,0,0,0,1,0,0
stale food served in my coach,0,0,0,0,0,1,0,0
overpriced food in my coach,0,0,0,0,0,1,0,0
food quality bad in my coach,0,0,0,0,0,1,0,0
food quality bad,0,0,0,0,0,1,0,0
water bottle expired in my coach,0,0,0,0,0,1,0,0
facing problem: water bottle expired,0,0,0,0,0,1,0,0
pantry not giving meal,0,0,0,0,0,1,0,0
food quality bad urgently,0,0,0,0,0,1,0,0
complaint regarding overpriced food,0,0,0,0,0,1,0,0
sir food quality bad,0,0,0,0,0,1,0,0
water bottle expired in my coach,0,0,0,0,0,1,0,0
pantry not giving meal urgently,0,0,0,0,0,1,0,0
food quality bad,0,0,0,0,0,1,0,0
there is pantry not giving meal,0,0,0,0,0,1,0,0
overpriced food in my coach,0,0,0,0,0,1,0,0
stale food served in my coach,0,0,0,0,0,1,0,0
facing problem: water bottle expired,0,0,0,0,0,1,0,0
sir food quality bad,0,0,0,0,0,1,0,0
food quality bad,0,0,0,0,0,1,0,0
food quality bad in my coach,0,0,0,0,0,1,0,0
pantry not giving meal in my coach,0,0,0,0,0,1,0,0
facing problem: stale food served,0,0,0,0,0,1,0,0
there is pantry not giving meal,0,0,0,0,0,1,0,0
please help stale food served,0,0,0,0,0,1,0,0
please help food quality bad,0,0,0,0,0,1,0,0
complaint regarding overpriced food,0,0,0,0,0,1,0,0
food quality bad in my coach,0,0,0,0,0,1,0,0
complaint regarding overpriced food,0,0,0,0,0,1,0,0
there is overpriced food,0,0,0,0,0,1,0,0
please help overpriced food,0,0,0,0,0,1,0,0
complaint regarding water bottle expired,0,0,0,0,0,1,0,0
facing problem: pantry not giving meal,0,0,0,0,0,1,0,0
facing problem: food quality bad,0,0,0,0,0,1,0,0
water bottle expired in my coach,0,0,0,0,0,1,0,0
sir pantry not giving meal,0,0,0,0,0,1,0,0
sir stale food served,0,0,0,0,0,1,0,0
pantry not giving meal in my coach,0,0,0,0,0,1,0,0
please help overpriced food,0,0,0,0,0,1,0,0
overpriced food in my coach,0,0,0,0,0,1,0,0
facing problem: overpriced food,0,0,0,0,0,1,0,0
complaint regarding pantry not giving meal,0,0,0,0,0,1,0,0
water bottle expired urgently,0,0,0,0,0,1,0,0
stale food served,0,0,0,0,0,1,0,0
food quality bad,0,0,0,0,0,1,0,0
please help food quality bad,0,0,0,0,0,1,0,0
complaint regarding pantry not giving meal,0,0,0,0,0,1,0,0
there is pantry not giving meal,0,0,0,0,0,1,0,0
facing problem: water bottle expired,0,0,0,0,0,1,0,0
please help overpriced food,0,0,0,0,0,1,0,0
stale food served urgently,0,0,0,0,0,1,0,0
please help pantry not giving meal,0,0,0,0,0,1,0,0
water bottle expired,0,0,0,0,0,1,0,0
food quality bad,0,0,0,0,0,1,0,0
water bottle expired in my coach,0,0,0,0,0,1,0,0
there is stale food served,0,0,0,0,0,1,0,0
sir stale food served,0,0,0,0,0,1,0,0
stale food served urgently,0,0,0,0,0,1,0,0
there is water bottle expired,0,0,0,0,0,1,0,0
water bottle expired,0,0,0,0,0,1,0,0
please help stale food served,0,0,0,0,0,1,0,0
complaint regarding overpriced food,0,0,0,0,0,1,0,0
stale food served,0,0,0,0,0,1,0,0
overpriced food urgently,0,0,0,0,0,1,0,0
please help pantry not giving meal,0,0,0,0,0,1,0,0
sir food quality bad,0,0,0,0,0,1,0,0
water bottle expired in my coach,0,0,0,0,0,1,0,0
facing problem: water bottle expired,0,0,0,0,0,1,0,0
complaint regarding overpriced food,0,0,0,0,0,1,0,0
there is water bottle expired,0,0,0,0,0,1,0,0
stale food served in my coach,0,0,0,0,0,1,0,0
there is water bottle expired,0,0,0,0,0,1,0,0
water bottle expired,0,0,0,0,0,1,0,0
complaint regarding stale food served,0,0,0,0,0,1,0,0
food quality bad urgently,0,0,0,0,0,1,0,0
sir pantry not giving meal,0,0,0,0,0,1,0,0
water bottle expired in my coach,0,0,0,0,0,1,0,0
facing problem: food quality bad,0,0,0,0,0,1,0,0
sir stale food served,0,0,0,0,0,1,0,0
water bottle expired urgently,0,0,0,0,0,1,0,0
facing problem: pantry not giving meal,0,0,0,0,0,1,0,0
facing problem: stale food served,0,0,0,0,0,1,0,0
stale food served,0,0,0,0,0,1,0,0
facing problem: pantry not giving meal,0,0,0,0,0,1,0,0
sir stale food served,0,0,0,0,0,1,0,0
pantry not giving meal,0,0,0,0,0,1,0,0
facing problem: stale food served,0,0,0,0,0,1,0,0
complaint regarding overpriced food,0,0,0,0,0,1,0,0
there is stale food served,0,0,0,0,0,1,0,0
complaint regarding water bottle expired,0,0,0,0,0,1,0,0
there is overpriced food,0,0,0,0,0,1,0,0
complaint regarding overpriced food,0,0,0,0,0,1,0,0
stale food served,0,0,0,0,0,1,0,0
there is overpriced food,0,0,0,0,0,1,0,0
pantry not giving meal in my coach,0,0,0,0,0,1,0,0
overpriced food urgently,0,0,0,0,0,1,0,0
sir pantry not giving meal,0,0,0,0,0,1,0,0
water bottle expired urgently,0,0,0,0,0,1,0,0
sir water bottle expired,0,0,0,0,0,1,0,0
complaint regarding overpriced food,0,0,0,0,0,1,0,0
complaint regarding food quality bad,0,0,0,0,0,1,0,0
complaint regarding overpriced food,0,0,0,0,0,1,0,0
sir pantry not giving meal,0,0,0,0,0,1,0,0
there is stale food served,0,0,0,0,0,1,0,0
please help overpriced food,0,0,0,0,0,1,0,0
water bottle expired urgently,0,0,0,0,0,1,0,0
water bottle expired in my coach,0,0,0,0,0,1,0,0
facing problem: stale food served,0,0,0,0,0,1,0,0
complaint regarding food quality bad,0,0,0,0,0,1,0,0
complaint regarding chest pain emergency,0,0,0,0,0,0,1,0
complaint regarding need doctor urgently,0,0,0,0,0,0,1,0
complaint regarding injured passenger bleeding,0,0,0,0,0,0,1,0
there is chest pain emergency,0,0,0,0,0,0,1,0
injured passenger bleeding in my coach,0,0,0,0,0,0,1,0
please help passenger unconscious,0,0,0,0,0,0,1,0
passenger unconscious urgently,0,0,0,0,0,0,1,0
there is injured passenger bleeding,0,0,0,0,0,0,1,0
complaint regarding chest pain emergency,0,0,0,0,0,0,1,0
complaint regarding chest pain emergency,0,0,0,0,0,0,1,0
sir injured passenger bleeding,0,0,0,0,0,0,1,0
injured passenger bleeding,0,0,0,0,0,0,1,0
there is passenger unconscious,0,0,0,0,0,0,1,0
chest pain emergency,0,0,0,0,0,0,1,0
injured passenger bleeding,0,0,0,0,0,0,1,0
sir chest pain emergency,0,0,0,0,0,0,1,0
there is passenger unconscious,0,0,0,0,0,0,1,0
need doctor urgently in my coach,0,0,0,0,0,0,1,0
please help chest pain emergency,0,0,0,0,0,0,1,0
sir need doctor urgently,0,0,0,0,0,0,1,0
complaint regarding chest pain emergency,0,0,0,0,0,0,1,0
chest pain emergency,0,0,0,0,0,0,1,0
passenger unconscious urgently,0,0,0,0,0,0,1,0
there is injured passenger bleeding,0,0,0,0,0,0,1,0
facing problem: chest pain emergency,0,0,0,0,0,0,1,0
passenger unconscious in my coach,0,0,0,0,0,0,1,0
there is need doctor urgently,0,0,0,0,0,0,1,0
need doctor urgently,0,0,0,0,0,0,1,0
complaint regarding chest pain emergency,0,0,0,0,0,0,1,0
there is passenger unconscious,0,0,0,0,0,0,1,0
need doctor urgently in my coach,0,0,0,0,0,0,1,0
facing problem: passenger unconscious,0,0,0,0,0,0,1,0
there is chest pain emergency,0,0,0,0,0,0,1,0
injured passenger bleeding urgently,0,0,0,0,0,0,1,0
complaint regarding injured passenger bleeding,0,0,0,0,0,0,1,0
chest pain emergency in my coach,0,0,0,0,0,0,1,0
complaint regarding passenger unconscious,0,0,0,0,0,0,1,0
please help need doctor urgently,0,0,0,0,0,0,1,0
there is passenger unconscious,0,0,0,0,0,0,1,0
need doctor urgently in my coach,0,0,0,0,0,0,1,0
facing problem: chest pain emergency,0,0,0,0,0,0,1,0
please help need doctor urgently,0,0,0,0,0,0,1,0
sir injured passenger bleeding,0,0,0,0,0,0,1,0
injured passenger bleeding urgently,0,0,0,0,0,0,1,0
sir need doctor urgently,0,0,0,0,0,0,1,0
there is injured passenger bleeding,0,0,0,0,0,0,1,0
passenger unconscious urgently,0,0,0,0,0,0,1,0
need doctor urgently,0,0,0,0,0,0,1,0
please help passenger unconscious,0,0,0,0,0,0,1,0
facing problem: injured passenger bleeding,0,0,0,0,0,0,1,0
please help chest pain emergency,0,0,0,0,0,0,1,0
injured passenger bleeding urgently,0,0,0,0,0,0,1,0
sir chest pain emergency,0,0,0,0,0,0,1,0
need doctor urgently urgently,0,0,0,0,0,0,1,0
sir passenger unconscious,0,0,0,0,0,0,1,0
there is chest pain emergency,0,0,0,0,0,0,1,0
facing problem: passenger unconscious,0,0,0,0,0,0,1,0
please help chest pain emergency,0,0,0,0,0,0,1,0
facing problem: passenger unconscious,0,0,0,0,0,0,1,0
complaint regarding need doctor urgently,0,0,0,0,0,0,1,0
please help injured passenger bleeding,0,0,0,0,0,0,1,0
chest pain emergency,0,0,0,0,0,0,1,0
facing problem: chest pain emergency,0,0,0,0,0,0,1,0
facing problem: chest pain emergency,0,0,0,0,0,0,1,0
please help injured passenger bleeding,0,0,0,0,0,0,1,0
complaint regarding injured passenger bleeding,0,0,0,0,0,0,1,0
passenger unconscious urgently,0,0,0,0,0,0,1,0
please help chest pain emergency,0,0,0,0,0,0,1,0
injured passenger bleeding,0,0,0,0,0,0,1,0
facing problem: injured passenger bleeding,0,0,0,0,0,0,1,0
passenger unconscious urgently,0,0,0,0,0,0,1,0
sir need doctor urgently,0,0,0,0,0,0,1,0
complaint regarding injured passenger bleeding,0,0,0,0,0,0,1,0
facing problem: chest pain emergency,0,0,0,0,0,0,1,0
chest pain emergency,0,0,0,0,0,0,1,0
there is injured passenger bleeding,0,0,0,0,0,0,1,0
complaint regarding chest pain emergency,0,0,0,0,0,0,1,0
please help injured passenger bleeding,0,0,0,0,0,0,1,0
there is injured passenger bleeding,0,0,0,0,0,0,1,0
chest pain emergency,0,0,0,0,0,0,1,0
injured passenger bleeding,0,0,0,0,0,0,1,0
complaint regarding passenger unconscious,0,0,0,0,0,0,1,0
injured passenger bleeding urgently,0,0,0,0,0,0,1,0
there is passenger unconscious,0,0,0,0,0,0,1,0
please help need doctor urgently,0,0,0,0,0,0,1,0
there is chest pain emergency,0,0,0,0,0,0,1,0
there is injured passenger bleeding,0,0,0,0,0,0,1,0
please help injured passenger bleeding,0,0,0,0,0,0,1,0
complaint regarding chest pain emergency,0,0,0,0,0,0,1,0
need doctor urgently urgently,0,0,0,0,0,0,1,0
please help chest pain emergency,0,0,0,0,0,0,1,0
sir chest pain emergency,0,0,0,0,0,0,1,0
need doctor urgently urgently,0,0,0,0,0,0,1,0
please help need doctor urgently,0,0,0,0,0,0,1,0
please help injured passenger bleeding,0,0,0,0,0,0,1,0
complaint regarding need doctor urgently,0,0,0,0,0,0,1,0
sir chest pain emergency,0,0,0,0,0,0,1,0
there is need doctor urgently,0,0,0,0,0,0,1,0
passenger unconscious urgently,0,0,0,0,0,0,1,0
chest pain emergency,0,0,0,0,0,0,1,0
complaint regarding injured passenger bleeding,0,0,0,0,0,0,1,0
chest pain emergency in my coach,0,0,0,0,0,0,1,0
sir injured passenger bleeding,0,0,0,0,0,0,1,0
injured passenger bleeding urgently,0,0,0,0,0,0,1,0
need doctor urgently urgently,0,0,0,0,0,0,1,0
complaint regarding need doctor urgently,0,0,0,0,0,0,1,0
facing problem: chest pain emergency,0,0,0,0,0,0,1,0
sir passenger unconscious,0,0,0,0,0,0,1,0
injured passenger bleeding urgently,0,0,0,0,0,0,1,0
complaint regarding injured passenger bleeding,0,0,0,0,0,0,1,0
chest pain emergency,0,0,0,0,0,0,1,0
please help need doctor urgently,0,0,0,0,0,0,1,0
there is passenger unconscious,0,0,0,0,0,0,1,0
complaint regarding chest pain emergency,0,0,0,0,0,0,1,0
need doctor urgently urgently,0,0,0,0,0,0,1,0
passenger unconscious in my coach,0,0,0,0,0,0,1,0
chest pain emergency urgently,0,0,0,0,0,0,1,0
facing problem: chest pain emergency,0,0,0,0,0,0,1,0
facing problem: injured passenger bleeding,0,0,0,0,0,0,1,0
there is injured passenger bleeding,0,0,0,0,0,0,1,0
need doctor urgently,0,0,0,0,0,0,1,0
please help chest pain emergency,0,0,0,0,0,0,1,0
complaint regarding passenger unconscious,0,0,0,0,0,0,1,0
there is need doctor urgently,0,0,0,0,0,0,1,0
facing problem: passenger unconscious,0,0,0,0,0,0,1,0
need doctor urgently in my coach,0,0,0,0,0,0,1,0
need doctor urgently in my coach,0,0,0,0,0,0,1,0
please help injured passenger bleeding,0,0,0,0,0,0,1,0
there is passenger unconscious,0,0,0,0,0,0,1,0
there is passenger unconscious,0,0,0,0,0,0,1,0
sir injured passenger bleeding,0,0,0,0,0,0,1,0
please help need doctor urgently,0,0,0,0,0,0,1,0
facing problem: chest pain emergency,0,0,0,0,0,0,1,0
facing problem: need doctor urgently,0,0,0,0,0,0,1,0
please help chest pain emergency,0,0,0,0,0,0,1,0
sir passenger unconscious,0,0,0,0,0,0,1,0
please help injured passenger bleeding,0,0,0,0,0,0,1,0
injured passenger bleeding urgently,0,0,0,0,0,0,1,0
there is need doctor urgently,0,0,0,0,0,0,1,0
chest pain emergency,0,0,0,0,0,0,1,0
need doctor urgently urgently,0,0,0,0,0,0,1,0
need doctor urgently,0,0,0,0,0,0,1,0
please help injured passenger bleeding,0,0,0,0,0,0,1,0
there is chest pain emergency,0,0,0,0,0,0,1,0
facing problem: injured passenger bleeding,0,0,0,0,0,0,1,0
passenger unconscious in my coach,0,0,0,0,0,0,1,0
complaint regarding injured passenger bleeding,0,0,0,0,0,0,1,0
chest pain emergency,0,0,0,0,0,0,1,0
facing problem: passenger unconscious,0,0,0,0,0,0,1,0
there is need doctor urgently,0,0,0,0,0,0,1,0
injured passenger bleeding,0,0,0,0,0,0,1,0
chest pain emergency,0,0,0,0,0,0,1,0
passenger unconscious in my coach,0,0,0,0,0,0,1,0
facing problem: injured passenger bleeding,0,0,0,0,0,0,1,0
facing problem: injured passenger bleeding,0,0,0,0,0,0,1,0
there is need doctor urgently,0,0,0,0,0,0,1,0
chest pain emergency in my coach,0,0,0,0,0,0,1,0
complaint regarding need doctor urgently,0,0,0,0,0,0,1,0
need doctor urgently urgently,0,0,0,0,0,0,1,0
need doctor urgently urgently,0,0,0,0,0,0,1,0
need doctor urgently urgently,0,0,0,0,0,0,1,0
sir passenger unconscious,0,0,0,0,0,0,1,0
there is need doctor urgently,0,0,0,0,0,0,1,0
injured passenger bleeding,0,0,0,0,0,0,1,0
complaint regarding need doctor urgently,0,0,0,0,0,0,1,0
chest pain emergency in my coach,0,0,0,0,0,0,1,0
chest pain emergency urgently,0,0,0,0,0,0,1,0
please help chest pain emergency,0,0,0,0,0,0,1,0
sir passenger unconscious,0,0,0,0,0,0,1,0
passenger unconscious urgently,0,0,0,0,0,0,1,0
passenger unconscious in my coach,0,0,0,0,0,0,1,0
chest pain emergency,0,0,0,0,0,0,1,0
chest pain emergency in my coach,0,0,0,0,0,0,1,0
chest pain emergency in my coach,0,0,0,0,0,0,1,0
sir passenger unconscious,0,0,0,0,0,0,1,0
passenger unconscious urgently,0,0,0,0,0,0,1,0
need doctor urgently in my coach,0,0,0,0,0,0,1,0
facing problem: chest pain emergency,0,0,0,0,0,0,1,0
passenger unconscious in my coach,0,0,0,0,0,0,1,0
sir passenger unconscious,0,0,0,0,0,0,1,0
sir chest pain emergency,0,0,0,0,0,0,1,0
facing problem: injured passenger bleeding,0,0,0,0,0,0,1,0
passenger unconscious urgently,0,0,0,0,0,0,1,0
need doctor urgently,0,0,0,0,0,0,1,0
complaint regarding chest pain emergency,0,0,0,0,0,0,1,0
facing problem: passenger unconscious,0,0,0,0,0,0,1,0
facing problem: chest pain emergency,0,0,0,0,0,0,1,0
there is passenger unconscious,0,0,0,0,0,0,1,0
facing problem: injured passenger bleeding,0,0,0,0,0,0,1,0
sir injured passenger bleeding,0,0,0,0,0,0,1,0
facing problem: passenger unconscious,0,0,0,0,0,0,1,0
need doctor urgently urgently,0,0,0,0,0,0,1,0
facing problem: need doctor urgently,0,0,0,0,0,0,1,0
sir chest pain emergency,0,0,0,0,0,0,1,0
sir need doctor urgently,0,0,0,0,0,0,1,0
chest pain emergency in my coach,0,0,0,0,0,0,1,0
there is need doctor urgently,0,0,0,0,0,0,1,0
please help chest pain emergency,0,0,0,0,0,0,1,0
need doctor urgently,0,0,0,0,0,0,1,0
need doctor urgently,0,0,0,0,0,0,1,0
complaint regarding chest pain emergency,0,0,0,0,0,0,1,0
injured passenger bleeding urgently,0,0,0,0,0,0,1,0
injured passenger bleeding,0,0,0,0,0,0,1,0
complaint regarding passenger unconscious,0,0,0,0,0,0,1,0
facing problem: passenger unconscious,0,0,0,0,0,0,1,0
there is chest pain emergency,0,0,0,0,0,0,1,0
injured passenger bleeding urgently,0,0,0,0,0,0,1,0
please help chest pain emergency,0,0,0,0,0,0,1,0
please help need doctor urgently,0,0,0,0,0,0,1,0
injured passenger bleeding,0,0,0,0,0,0,1,0
facing problem: need doctor urgently,0,0,0,0,0,0,1,0
injured passenger bleeding urgently,0,0,0,0,0,0,1,0
there is need doctor urgently,0,0,0,0,0,0,1,0
complaint regarding passenger unconscious,0,0,0,0,0,0,1,0
need doctor urgently,0,0,0,0,0,0,1,0
injured passenger bleeding in my coach,0,0,0,0,0,0,1,0
please help chest pain emergency,0,0,0,0,0,0,1,0
complaint regarding need doctor urgently,0,0,0,0,0,0,1,0
complaint regarding injured passenger bleeding,0,0,0,0,0,0,1,0
injured passenger bleeding,0,0,0,0,0,0,1,0
chest pain emergency,0,0,0,0,0,0,1,0
chest pain emergency,0,0,0,0,0,0,1,0
injured passenger bleeding,0,0,0,0,0,0,1,0
chest pain emergency,0,0,0,0,0,0,1,0
facing problem: passenger unconscious,0,0,0,0,0,0,1,0
please help need doctor urgently,0,0,0,0,0,0,1,0
facing problem: need doctor urgently,0,0,0,0,0,0,1,0
sir injured passenger bleeding,0,0,0,0,0,0,1,0
injured passenger bleeding,0,0,0,0,0,0,1,0
sir passenger unconscious,0,0,0,0,0,0,1,0
need doctor urgently,0,0,0,0,0,0,1,0
please help injured passenger bleeding,0,0,0,0,0,0,1,0
please help need doctor urgently,0,0,0,0,0,0,1,0
sir injured passenger bleeding,0,0,0,0,0,0,1,0
injured passenger bleeding urgently,0,0,0,0,0,0,1,0
need doctor urgently,0,0,0,0,0,0,1,0
facing problem: chest pain emergency,0,0,0,0,0,0,1,0
sir injured passenger bleeding,0,0,0,0,0,0,1,0
please help chest pain emergency,0,0,0,0,0,0,1,0
sir injured passenger bleeding,0,0,0,0,0,0,1,0
sir chest pain emergency,0,0,0,0,0,0,1,0
chest pain emergency urgently,0,0,0,0,0,0,1,0
complaint regarding injured passenger bleeding,0,0,0,0,0,0,1,0
sir passenger unconscious,0,0,0,0,0,0,1,0
please help need doctor urgently,0,0,0,0,0,0,1,0
please help chest pain emergency,0,0,0,0,0,0,1,0
facing problem: chest pain emergency,0,0,0,0,0,0,1,0
passenger unconscious in my coach,0,0,0,0,0,0,1,0
facing problem: chest pain emergency,0,0,0,0,0,0,1,0
complaint regarding chest pain emergency,0,0,0,0,0,0,1,0
need doctor urgently,0,0,0,0,0,0,1,0
sir injured passenger bleeding,0,0,0,0,0,0,1,0
passenger unconscious urgently,0,0,0,0,0,0,1,0
sir need doctor urgently,0,0,0,0,0,0,1,0
complaint regarding chest pain emergency,0,0,0,0,0,0,1,0
there is need doctor urgently,0,0,0,0,0,0,1,0
please help need doctor urgently,0,0,0,0,0,0,1,0
chest pain emergency in my coach,0,0,0,0,0,0,1,0
injured passenger bleeding urgently,0,0,0,0,0,0,1,0
chest pain emergency in my coach,0,0,0,0,0,0,1,0
complaint regarding need doctor urgently,0,0,0,0,0,0,1,0
sir need doctor urgently,0,0,0,0,0,0,1,0
there is chest pain emergency,0,0,0,1,0,0,1,0
need doctor urgently,0,0,0,0,1,0,1,0
facing problem: chest pain emergency,0,0,0,1,0,0,1,0
need doctor urgently,0,0,0,0,1,0,1,0
facing problem: injured passenger bleeding,0,0,0,0,0,0,1,1
there is chest pain emergency,0,0,0,1,0,0,1,0
injured passenger bleeding in my coach,0,0,1,0,0,0,1,0
complaint regarding chest pain emergency,0,0,0,1,1,0,0,1
facing problem: passenger unconscious,0,0,0,0,0,0,1,1
please help injured passenger bleeding,0,0,0,0,1,0,1,0
complaint regarding injured passenger bleeding,0,0,0,0,1,0,1,0
complaint regarding passenger unconscious,0,0,0,0,1,0,1,0
sir passenger unconscious,0,0,0,0,1,0,1,0
please help passenger unconscious,0,0,0,0,0,0,1,1
facing problem: injured passenger bleeding,0,0,0,0,0,0,1,1
there is injured passenger bleeding,0,0,0,0,1,0,1,0
complaint regarding need doctor urgently,0,0,0,0,0,0,1,1
passenger unconscious in my coach,0,0,1,0,0,0,1,0
please help passenger unconscious,0,0,0,0,0,0,1,1
facing problem: injured passenger bleeding,0,0,0,0,0,0,1,1
please help injured passenger bleeding,0,0,0,0,1,0,1,0
need doctor urgently in my coach,0,0,1,0,0,0,1,0
please help passenger unconscious,0,0,0,0,1,0,1,1
there is injured passenger bleeding,0,0,0,0,1,0,1,0
complaint regarding need doctor urgently,0,0,0,0,1,0,0,1
sir need doctor urgently,0,0,0,0,1,0,1,0
complaint regarding chest pain emergency,0,0,0,0,0,0,1,1
need doctor urgently in my coach,0,0,1,0,0,0,1,0
facing problem: seat confirmation query,0,0,1,0,0,0,0,1
sir need platform number,0,0,1,0,1,0,0,0
there is train running late,0,0,0,0,1,0,0,1
sir arrival time of train,0,0,0,0,1,0,0,1
facing problem: need platform number,0,0,1,0,0,0,0,1
facing problem: need platform number,0,0,1,0,0,0,0,1
there is arrival time of train,0,0,0,0,1,0,0,1
there is seat confirmation query,0,0,1,0,1,0,0,0
complaint regarding need platform number,0,0,1,0,0,0,0,1
train running late in my coach,0,0,1,0,0,0,0,1
sir need platform number,0,0,1,0,1,0,0,0
sir train running late,0,0,0,0,0,0,0,1
please help seat confirmation query,0,0,1,0,1,0,0,0
facing problem: train running late,0,0,0,0,0,0,0,1
please help seat confirmation query,0,0,1,0,1,0,0,0
please help arrival time of train,0,0,0,0,1,0,0,1
arrival time of train,0,0,0,0,1,0,0,1
please help arrival time of train,0,0,0,0,1,0,0,1
need platform number urgently,0,0,1,0,1,0,0,0
need platform number urgently,0,0,1,0,0,0,0,0
complaint regarding seat confirmation query,0,0,1,0,0,0,0,1
please help arrival time of train,0,0,0,0,1,0,0,1
please help need platform number,0,0,1,0,1,0,0,0
seat confirmation query,0,0,1,0,0,0,0,0
sir need platform number,0,0,1,0,1,0,0,0
need platform number,0,0,1,0,1,0,0,0
sir seat confirmation query,0,0,1,0,1,0,0,0
seat confirmation query in my coach,0,0,1,0,0,0,0,0
complaint regarding need platform number,0,0,1,0,1,0,0,0
train running late,0,0,0,0,1,0,0,1
sir arrival time of train,0,0,0,0,0,0,0,1
complaint regarding arrival time of train,0,0,0,0,1,0,0,1
train running late,0,0,0,0,1,0,0,1
please help need platform number,0,0,1,0,0,0,0,1
please help train running late,0,0,0,0,1,0,0,1
need platform number,0,0,1,0,0,0,0,0
sir seat confirmation query,0,0,1,0,1,0,0,0
train running late in my coach,0,0,1,0,0,0,0,1
facing problem: seat confirmation query,0,0,1,0,0,0,0,1
train running late in my coach,0,0,1,0,0,0,0,1
train running late,0,0,0,0,0,0,0,1
facing problem: arrival time of train,0,0,0,0,1,0,0,1
need platform number,0,0,1,0,1,0,0,0
complaint regarding seat confirmation query,0,0,1,0,1,0,0,0
complaint regarding seat confirmation query,0,0,1,0,1,0,0,0
arrival time of train,0,0,0,0,0,0,0,1
please help need platform number,0,0,1,0,0,0,0,1
complaint regarding train running late,0,0,0,0,1,0,0,1
seat confirmation query urgently,0,0,1,0,1,0,0,0
there is need platform number,0,0,1,0,1,0,0,0
there is arrival time of train,0,0,0,0,1,0,0,1
sir need platform number,0,0,1,0,0,0,0,0
train running late urgently,0,0,0,0,1,0,0,1
there is need platform number,0,0,1,0,1,0,0,0
please help train running late,0,0,0,0,1,0,0,1
facing problem: need platform number,0,0,1,0,0,0,0,1
complaint regarding arrival time of train,0,0,0,0,1,0,0,1
there is arrival time of train,0,0,0,0,1,0,0,1
there is seat confirmation query,0,0,1,0,0,0,0,0
seat confirmation query urgently,0,0,1,0,1,0,0,0
train running late in my coach,0,0,1,0,0,0,0,1
there is need platform number,0,0,1,0,0,0,0,0
facing problem: train running late,0,0,0,0,0,0,0,1
arrival time of train in my coach,0,0,1,0,0,0,0,1
sir arrival time of train,0,0,0,0,1,0,0,1
please help arrival time of train,0,0,0,0,1,0,0,1
sir arrival time of train,0,0,0,0,1,0,0,1
need platform number urgently,0,0,1,0,1,0,0,0
complaint regarding need platform number,0,0,1,0,0,0,0,1
arrival time of train,0,0,0,0,1,0,0,1
complaint regarding train running late,0,0,0,0,1,0,0,1
sir train running late,0,0,0,0,1,0,0,1
sir train running late,0,0,0,0,0,0,0,1
there is train running late,0,0,0,0,0,0,0,1
please help arrival time of train,0,0,0,0,1,0,0,1
complaint regarding seat confirmation query,0,0,1,0,0,0,0,1
complaint regarding need platform number,0,0,0,0,1,0,0,1
there is arrival time of train,0,0,0,0,0,0,0,1
need platform number urgently,0,0,1,0,0,0,0,0
please help train running late,0,0,0,0,1,0,0,1
sir need platform number,0,0,1,0,1,0,0,0
complaint regarding arrival time of train,0,0,0,0,1,0,0,1
there is need platform number,0,0,1,0,1,0,0,0
need platform number urgently,0,0,1,0,1,0,0,0
need platform number urgently,0,0,1,0,1,0,0,0
seat confirmation query,0,0,1,0,0,0,0,0
seat confirmation query urgently,0,0,1,0,1,0,0,0
please help need platform number,0,0,0,0,1,0,0,1
facing problem: need platform number,0,0,1,0,0,0,0,1
complaint regarding train running late,0,0,0,0,1,0,0,1
complaint regarding arrival time of train,0,0,0,0,1,0,0,1
there is train running late,0,0,0,0,1,0,0,1
seat confirmation query urgently,0,0,1,0,0,0,0,0
train running late urgently,0,0,0,0,0,0,0,1
facing problem: need platform number,0,0,1,0,0,0,0,1
train running late urgently,0,0,0,0,0,0,0,1
complaint regarding train running late,0,0,0,0,1,0,0,1
arrival time of train urgently,0,0,0,0,1,0,0,1
seat confirmation query,0,0,1,0,1,0,0,0
train running late urgently,0,0,0,0,1,0,0,1
arrival time of train,0,0,0,0,1,0,0,1
complaint regarding seat confirmation query,0,0,1,0,0,0,0,1
there is need platform number,0,0,1,0,1,0,0,0
arrival time of train urgently,0,0,0,0,1,0,0,1
please help train running late,0,0,0,0,1,0,0,1
facing problem: seat confirmation query,0,0,1,0,0,0,0,1
seat confirmation query in my coach,0,0,1,0,1,0,0,0
facing problem: arrival time of train,0,0,0,0,0,0,0,1
please help need platform number,0,0,1,0,1,0,0,0
need platform number in my coach,0,0,1,0,1,0,0,0
complaint regarding arrival time of train,0,0,0,0,1,0,0,1
arrival time of train in my coach,0,0,1,0,0,0,0,1
there is train running late,0,0,0,0,1,0,0,1
sir need platform number,0,0,1,0,1,0,0,0
facing problem: seat confirmation query,0,0,1,0,0,0,0,1
facing problem: arrival time of train,0,0,0,0,1,0,0,1
there is train running late,0,0,0,0,1,0,0,1
there is train running late,0,0,0,0,1,0,0,1
train running late,0,0,0,0,1,0,0,1
complaint regarding need platform number,0,0,0,0,1,0,0,1
complaint regarding arrival time of train,0,0,0,0,1,0,0,1
arrival time of train in my coach,0,0,1,0,0,0,0,1
arrival time of train urgently,0,0,0,0,0,0,0,1
there is need platform number,0,0,1,0,1,0,0,0
please help need platform number,0,0,0,0,1,0,0,1
facing problem: seat confirmation query,0,0,1,0,0,0,0,1
facing problem: train running late,0,0,0,0,0,0,0,1
seat confirmation query in my coach,0,0,1,0,1,0,0,0
seat confirmation query,0,0,1,0,0,0,0,0
complaint regarding train running late,0,0,0,0,1,0,0,1
sir arrival time of train,0,0,0,0,1,0,0,1
please help need platform number,0,0,0,0,1,0,0,1
arrival time of train,0,0,0,0,1,0,0,1
arrival time of train,0,0,0,0,0,0,0,1
please help need platform number,0,0,0,0,1,0,0,1
train running late,0,0,0,0,1,0,0,1
there is train running late,0,0,0,0,0,0,0,1
train running late,0,0,0,0,1,0,0,1
need platform number in my coach,0,0,1,0,0,0,0,0
there is seat confirmation query,0,0,1,0,1,0,0,0
train running late urgently,0,0,0,0,1,0,0,1
need platform number,0,0,1,0,1,0,0,0
there is arrival time of train,0,0,0,0,1,0,0,1
facing problem: seat confirmation query,0,0,1,0,0,0,0,1
please help train running late,0,0,0,0,1,0,0,1
sir need platform number,0,0,1,0,0,0,0,0
complaint regarding arrival time of train,0,0,0,0,1,0,0,1
sir arrival time of train,0,0,0,0,1,0,0,1
sir arrival time of train,0,0,0,0,1,0,0,1
train running late in my coach,0,0,1,0,0,0,0,1
complaint regarding train running late,0,0,0,0,1,0,0,1
arrival time of train urgently,0,0,0,0,0,0,0,1
seat confirmation query in my coach,0,0,1,0,1,0,0,0
complaint regarding need platform number,0,0,1,0,1,0,0,0
seat confirmation query,0,0,1,0,1,0,0,0
arrival time of train in my coach,0,0,1,0,0,0,0,1
there is need platform number,0,0,1,0,1,0,0,0
sir arrival time of train,0,0,0,0,1,0,0,1
there is need platform number,0,0,1,0,1,0,0,0
arrival time of train,0,0,0,0,1,0,0,1
seat confirmation query,0,0,1,0,1,0,0,0
arrival time of train in my coach,0,0,1,0,0,0,0,1
please help train running late,0,0,0,0,1,0,0,1
train running late urgently,0,0,0,0,1,0,0,1
complaint regarding arrival time of train,0,0,0,0,1,0,0,1
seat confirmation query,0,0,1,0,0,0,0,0
please help need platform number,0,0,1,0,0,0,0,1
facing problem: arrival time of train,0,0,0,0,1,0,0,1
sir need platform number,0,0,1,0,1,0,0,0
facing problem: seat confirmation query,0,0,1,0,0,0,0,1
need platform number urgently,0,0,1,0,1,0,0,0
train running late,0,0,0,0,1,0,0,1
train running late,0,0,0,0,1,0,0,1
need platform number urgently,0,0,1,0,1,0,0,0
train running late,0,0,0,0,0,0,0,1
sir seat confirmation query,0,0,1,0,0,0,0,0
seat confirmation query,0,0,1,0,0,0,0,0
sir seat confirmation query,0,0,1,0,1,0,0,0
facing problem: seat confirmation query,0,0,1,0,0,0,0,1
need platform number in my coach,0,0,1,0,1,0,0,0
sir arrival time of train,0,0,0,0,0,0,0,1
train running late in my coach,0,0,1,0,0,0,0,1
seat confirmation query,0,0,1,0,1,0,0,0
please help need platform number,0,0,1,0,1,0,0,1
train running late in my coach,0,0,1,0,0,0,0,1
arrival time of train urgently,0,0,0,0,1,0,0,1
train running late urgently,0,0,0,0,1,0,0,1
facing problem: seat confirmation query,0,0,1,0,0,0,0,1
arrival time of train in my coach,0,0,1,0,0,0,0,1
there is need platform number,0,0,1,0,1,0,0,0
arrival time of train,0,0,0,0,0,0,0,1
complaint regarding train running late,0,0,0,0,1,0,0,1
please help need platform number,0,0,0,0,1,0,0,1
train running late urgently,0,0,0,0,1,0,0,1
train running late,0,0,0,0,0,0,0,1
facing problem: need platform number,0,0,1,0,0,0,0,1
please help train running late,0,0,0,0,1,0,0,1
complaint regarding train running late,0,0,0,0,1,0,0,1
facing problem: train running late,0,0,0,0,1,0,0,1
seat confirmation query,0,0,1,0,1,0,0,0
arrival time of train,0,0,0,0,0,0,0,1
train running late urgently,0,0,0,0,1,0,0,1
facing problem: seat confirmation query,0,0,1,0,0,0,0,1
there is need platform number,0,0,1,0,1,0,0,0
need platform number,0,0,1,0,1,0,0,0
arrival time of train urgently,0,0,0,0,0,0,0,1
arrival time of train urgently,0,0,0,0,1,0,0,1
facing problem: arrival time of train,0,0,0,0,1,0,0,1
there is need platform number,0,0,1,0,1,0,0,0
complaint regarding need platform number,0,0,1,0,0,0,0,1
seat confirmation query urgently,0,0,1,0,1,0,0,0
sir train running late,0,0,0,0,0,0,0,1
please help seat confirmation query,0,0,0,0,1,0,0,1
train running late,0,0,0,0,0,0,0,1
need platform number in my coach,0,0,1,0,1,0,0,0
sir train running late,0,0,0,0,0,0,0,1
complaint regarding need platform number,0,0,0,0,1,0,0,1
there is train running late,0,0,0,0,0,0,0,1
seat confirmation query urgently,0,0,1,0,1,0,0,0
there is train running late,0,0,0,0,1,0,0,1
complaint regarding seat confirmation query,0,0,1,0,0,0,0,1
sir train running late,0,0,0,0,1,0,0,1
please help need platform number,0,0,1,0,1,0,0,1
there is train running late,0,0,0,0,1,0,0,1
need platform number in my coach,0,0,1,0,1,0,0,0
there is seat confirmation query,0,0,1,0,0,0,0,0
facing problem: train running late,0,0,0,0,1,0,0,1
complaint regarding arrival time of train,0,0,0,0,1,0,0,1
complaint regarding seat confirmation query,0,0,0,0,1,0,0,1
need platform number urgently,0,0,1,0,1,0,0,0
sir need platform number,0,0,1,0,1,0,0,0
seat confirmation query,0,0,1,0,0,0,0,0
there is arrival time of train,0,0,0,0,0,0,0,1
facing problem: train running late,0,0,0,0,1,0,0,1
sir need platform number,0,0,1,0,1,0,0,0
need platform number in my coach,0,0,1,0,0,0,0,0
arrival time of train,0,0,0,0,0,0,0,1
train running late urgently,0,0,0,0,1,0,0,1
train running late in my coach,0,0,1,0,0,0,0,1
train running late urgently,0,0,0,0,1,0,0,1
sir seat confirmation query,0,0,1,0,0,0,0,0
facing problem: arrival time of train,0,0,0,0,0,0,0,1
arrival time of train in my coach,0,0,1,0,0,0,0,1
sir seat confirmation query,0,0,1,0,1,0,0,0
please help seat confirmation query,0,0,0,0,1,0,0,1
need platform number urgently,0,0,1,0,0,0,0,0
please help train running late,0,0,0,0,1,0,0,1
seat confirmation query urgently,0,0,1,0,0,0,0,0
complaint regarding need platform number,0,0,1,0,0,0,0,1
arrival time of train urgently,0,0,0,0,1,0,0,1
complaint regarding need platform number,0,0,0,0,1,0,0,1
sir train running late,0,0,0,0,0,0,0,1
please help arrival time of train,0,0,0,0,1,0,0,1
facing problem: train running late,0,0,0,0,0,0,0,1
there is train running late,0,0,0,0,1,0,0,1
facing problem: train running late,0,0,0,0,1,0,0,1
there is need platform number,0,0,1,0,1,0,0,0
sir need platform number,0,0,1,0,1,0,0,0
facing problem: arrival time of train,0,0,0,0,0,0,0,1
complaint regarding arrival time of train,0,0,0,0,1,0,0,1
facing problem: seat confirmation query,0,0,1,0,0,0,0,1
complaint regarding need platform number,0,0,0,0,1,0,0,1
facing problem: arrival time of train,0,0,0,0,1,0,0,1
facing problem: need platform number,0,0,1,0,0,0,0,1
there is seat confirmation query,0,0,1,0,0,0,0,0
sir need platform number,0,0,1,0,1,0,0,0
train running late urgently,0,0,0,0,1,0,0,1
arrival time of train urgently,0,0,0,0,1,0,0,1
please help train running late,0,0,0,0,1,0,0,1
train running late urgently,0,0,0,0,0,0,0,1
please help train running late,0,0,0,0,1,0,0,1
need platform number,0,0,1,0,1,0,0,0
there is need platform number,0,0,1,0,1,0,0,0
need platform number urgently,0,0,1,0,1,0,0,0
sir seat confirmation query,0,0,1,0,1,0,0,0
seat confirmation query in my coach,0,0,1,0,1,0,0,0
seat confirmation query urgently,0,0,1,0,0,0,0,0
facing problem: train running late,0,0,0,0,1,0,0,1
need platform number,0,0,1,0,1,0,0,0
train running late urgently,0,0,0,0,1,0,0,1
need platform number urgently,0,0,1,0,0,0,0,0
complaint regarding arrival time of train,0,0,0,0,1,0,0,1
facing problem: arrival time of train,0,0,0,0,0,0,0,1
please help train running late,0,0,0,0,1,0,0,1
arrival time of train in my coach,0,0,1,0,0,0,0,1
sir train running late,0,0,0,0,1,0,0,1
please help train running late,0,0,0,0,1,0,0,1
sir arrival time of train,0,0,0,0,1,0,0,1
there is seat confirmation query,0,0,1,0,0,0,0,0
please help need platform number,0,0,0,0,1,0,0,1
arrival time of train in my coach,0,0,1,0,0,0,0,1
facing problem: need platform number,0,0,1,0,0,0,0,1
facing problem: arrival time of train,0,0,0,0,0,0,0,1
arrival time of train in my coach,0,0,1,0,0,0,0,1
facing problem: need platform number,0,0,1,0,0,0,0,1
complaint regarding need platform number,0,0,1,0,1,0,0,0
please help arrival time of train,0,0,0,0,1,0,0,1
facing problem: seat confirmation query,0,0,1,0,0,0,0,1
facing problem: arrival time of train,0,0,0,0,1,0,0,1
facing problem: arrival time of train,0,0,0,0,1,0,0,1
i am in way but there is no water in toilet and mess is everywhere in coach please provide basic facility,0,0,1,0,0,0,0,1
ac not working in prayag lucknow intercity today which departed from prayag at pm staff not helping us,0,1,1,0,0,0,0,0
my berth is very dirty some one vomitted on the birth,1,0,1,0,0,0,0,0
irctc is not responding at the time of tatkal booking,0,0,0,0,1,0,0,1
wrkout smthng tht cn hlp trains to run on right time malwa exprs delayed more than hrs,0,0,0,0,1,0,0,1
dirty water flowing ftm blower of local coach aft st rain,1,0,1,0,0,0,0,0
still vendors are selling local local products like water etc inside the train,0,0,1,0,0,0,0,1
please update the status of today,0,0,0,0,1,0,0,1
train stops at kozhikod calicut but no one comes water,0,0,1,0,0,0,0,1
my reserved ticket was been allotted to rac passenger as we boarded from next station kindly please help,0,0,1,0,0,0,0,1
today intercity late min,0,0,0,0,1,0,0,1
there is no proper water service in train kindly look into matter,0,0,1,0,0,0,0,1
sir water point,0,0,1,0,1,0,0,0
student s pnr not confirmed tkt counter raeberali denying refund sayin he is late to reach window,0,0,1,0,0,0,0,0
dear sir my father is a senior citizen and is a patient too travelling alone and his seat is not confirmed but is having rac,0,0,1,0,0,0,0,0
emu ghaziabad to new delhi daily late kindly check amp resolved issue,0,0,0,0,1,0,0,1
sir fir lodged by grp bandikui vide cr no u s ipc,0,0,0,0,1,0,0,1
travelling from howrah to cuttack in jan shatabdi exp in coach no c there is no cleanliness in the coach,0,0,1,0,1,0,0,0
there is no water n clear in train no pnr please look into matter seriously,0,0,1,0,0,0,0,1
hi sir i need help from u my wife and my son of years is hvng waiting ticket st ac of pnr of bilaspur rajhdhani,0,1,0,0,1,0,0,0
paschim express vendor doesn t give food mentioned in the menu so ppl have no option food of choice,0,0,0,0,1,1,0,0
hello sir i want going to village i have no money buy of ticket what i do plz help me,0,0,0,0,1,0,0,0
rt everyday magadh exp running late to hrs without any reson is anyome have responsibility p�?¢,0,0,0,0,1,0,0,1
my bro lost his luggage luks like by rail officials at dindigul station pnr ph pl help,0,0,1,0,1,0,0,0
kindly share pnr number amp contact number,0,0,0,0,1,0,0,1
in train no there is no water i coach no se for use in toilets,0,0,1,0,0,0,0,1
what s the reason behind the delay of hours of ala hazrat exp we had to go back home from station,0,0,1,0,0,0,0,1
pathetic and dirty toilet of b and a of bilaspur hapa express please help,1,0,0,0,0,0,0,1
poor service by railways,0,0,0,0,1,0,0,1
no water in train no after running of hrs,0,0,1,0,0,0,0,1
sir if it is further delayed it clash will with academic session,0,0,0,0,1,0,0,1
frm jbp to patna pnr will this reach on time it is ruing like pasr not sf tol disappointing,0,0,0,0,1,0,0,1
i tried to cancel my i ticket before chart preparation but due to login problem i was unable to do so pnr no is,0,0,0,0,1,0,0,1
i applaud indian railway commendable service we had issue with charging pt attendants quickly came plucked entire�?¢,0,1,0,0,0,0,0,1
matter notified to officials concerned,0,0,0,0,1,0,0,1
train no stuck at bhodwal st and no one to help no one is telling the reasone for delay pl help,0,0,0,0,1,0,0,1
railway was never been so irresponsible so called fake development is happening railway was never been so irresponsible,0,0,0,0,1,0,0,1
plz hlp he is missing since days amp today sum has seen him at adi station,0,0,1,0,0,0,0,0
pnr train no coach a ac is not working since the start of journey from jammu tavi,0,0,1,0,0,0,0,1
sir at old delhi railway station bag scanning machine not working no checkpoint for luggage check,0,0,1,0,1,0,0,0
sir fir lodged by grp satna vide cr no u s ipc has been transferred to grp allahabad,0,0,0,0,1,0,0,1
it means make extra late a train running late by hrs in summer season not in winter when too much fog was in atmosphere,0,0,0,0,1,0,0,1
rpf at some serious eating business pantry is for them not for passengers shri shakti exp today,0,0,0,0,1,1,0,0
tt should regularly visit first class for pass ticket checking,0,0,0,0,1,0,0,1
pls tell me t no will originate today from bcy or not,0,0,0,0,1,0,0,1
below stated train waste almost one and half hour on platform please try to fix up less time help,0,0,1,0,0,0,0,1
irctc canteen in mysore selling water rs more than mrp just bought for,0,0,1,0,1,0,0,0
iam also indian citizen and tandur station also in india no action no reply no water,0,0,1,0,1,0,0,0
engine failed at silyari they still making the announcement that train is coming they should announce the expected time,0,0,0,0,0,0,0,1
how many months or should i say years should i wait for the conscience of,0,0,0,0,1,0,0,1
train handled over late by more than hours from previous division kindly update,0,0,0,0,1,0,0,1
at new delhi station only one counter is working for platform ticket huge line nd people waiting,0,0,1,0,1,0,0,0
my parents are travelling in pnr no the coach s is n�¢,0,0,1,0,1,0,0,0
i want to know y the waiting list ticket can t be cancelled at the same time of departure of the train,0,0,0,0,1,0,0,1
held up between bareilly and shahjanpur delayd by hrs no other train on route is delyd y victimizd,0,0,0,0,1,0,0,1
i request for doctor for pain killer injection at rewari stn in no one arrived its urgent matter,0,0,0,0,0,0,1,1
train no pnr reserved tckts wtng if only chair seats then why allow waiting in shatabdi trains,0,0,0,0,1,0,0,1
pnr no train no coach s all fan is not working in coach s mercury is too high plz help,0,1,1,0,0,0,0,0
tried tatkal booking for delhi goa rajdhani at jalandar city railway station but was not supported by the staff,0,0,1,0,1,0,0,0
i m hvng ac with irctc amp today i ws loged in at am i hv seen da within am all ac tickets r sold,0,1,1,0,0,0,0,0
incorrect tdr claim prcsd rqst hve a look tdr no train hr late,0,0,0,0,1,0,0,1
sir train is hrs late train no is i have also to attend the train guwahaty naharlagun intercity express for itanagar,0,0,0,0,0,0,0,1
train no coach b tt accepted bribe amp allotted seats to w l passengers instead of rac seats,0,0,1,0,0,0,0,1
kindly look into this,0,0,0,0,1,0,0,1
screen img am fyr no tatkal quota without opng great,0,0,0,0,1,0,0,1
rt provide min stoppage for karnataka sampark kranthi at,0,0,0,0,1,0,0,1
current location b coach ac,0,1,1,0,0,0,0,0
amount debited but reservation failed request support and pay back of entire amount,0,0,0,0,1,0,0,1
pls consider having more nos western toilets in ac coaches as many elderly travel who hv problems thnx,0,1,0,0,0,0,0,0
i am a mother travelling with a month kid is given an upper berth instead of providing the details of baby,0,0,1,0,0,0,0,0
thanks for give attention on meerut saharanpur railway line,0,0,0,0,1,0,0,1
many will be benifited thanks a lot sir,0,0,0,0,1,0,0,1
traveling in dt in s toilets fully dirty and no water in toiletkindly arrange help urgentlypnr,1,0,1,0,0,0,0,0
train time changed not informed family stuck in mangalore pls add time to sms,0,0,0,0,1,0,0,1
i had heard that irctc will not charge service charge from on online ticket but u r still deducting,0,0,0,0,1,0,0,1
tatkal service is d biggest garbage plz close this service website is not working showing an error,1,0,1,0,0,0,0,0
i got my ticketthanku problem solved by cers bilimora prs i withdraw my complaint,0,0,0,0,1,0,0,1
tt declining to accept the college id a true id higher authorities do act pnr,0,0,0,0,1,0,0,1
i am traveling by train no coach no s fans are not working i had told this at last station but no one attended ,0,0,1,0,0,0,0,1
concern over the late running of n never reaches in time at either of station pl check ur data a real concern,0,0,1,0,1,0,0,0
travelling in train no pnr st class b coach paid around ac is not working properly,0,1,1,0,0,0,0,0
how it possible in tatkal that all the available garib rath seats r booked within min is there any hidden tricks,0,0,0,0,1,0,0,1
rt why is procuring congress mouthpiece national herald priced a hefty rs piece amp providing it to�?¢,0,0,0,0,1,0,0,1
sir need ur kind assistance a cancer patient hs a tatkal ticket of status ckwl can u plz do something,0,0,0,0,1,0,0,0
hello sir mai is time malwa express train number me hu abhi vendor se khane ke rate pucha usne�?¢,0,0,0,0,1,0,0,1
pls confirm whn we will reach as we need to attend the function and if it is late schedule arrival at barelliye,0,0,0,0,1,0,0,1
travel wth my mother can t walk properly can the ptb stoppage be extended by mins pnr no train no,0,0,0,0,1,0,0,1
sir we lost a mobile with bearing no while travelling in pothigai express train no today at am,0,0,0,0,1,0,0,1
till now no action has been taken,0,0,0,0,1,0,0,1
rt inconvenience regretted matter is being taken up for further necessary action,0,0,0,0,1,0,0,1
i ask city police constable allowed without ticket and without authority in any coach in train,0,0,1,0,0,0,0,1
janani sewa launched infant food now available at nvrr platform palakkad jn,0,0,1,0,0,1,0,0
dear sir ac of sabarmati express is not working since last hours please do the needful pnr,0,1,0,0,0,0,0,1
there is no any intimation by railway about the tatkal ticket cancelation pnr n trn n,0,0,0,0,1,0,0,1
sir my train ticket is not comform from abu road to mumbai my mother is sick plz help sirpnr no doj,0,0,0,0,1,0,0,1
sir i am trying to make tickets from new delhi to darbhanga bihar from last week not getting confirm please help,0,0,0,0,1,0,0,1
sir train no have no pantry car and important thing is that it is long route train,0,0,0,0,0,1,0,1
got double tatkal tickets cnfrmd through same login costing k technical issue costed double irctc,0,0,0,0,0,0,0,1
our pnr is food is pathetic water is not cool cold drings is warm and sandwitch is stale,0,0,1,0,0,1,0,0
thanks for uts app for facilitating hassle free travel but it s good to provide training for tc s also,0,0,0,0,1,0,0,1
hanging chains of the middle berth broken pnr,0,0,1,0,1,0,0,0
if you have delayed for me then thank you so muchboarded on train thank you so much again,0,0,0,0,0,0,0,1
train light are not working passengers are suffering,0,1,0,0,0,0,0,1
security lags at delhi sarai rohilla rly stn no checking xray scnr ws der but no body to operate that,0,0,0,1,0,0,0,0
booked ticket for adi to jp train is late by more than hrs want to cancel the reservn bt not allowng,0,0,0,0,1,0,0,1
east cost express sleeper class s toilet is too smelling from source station,1,0,1,0,0,0,0,0
unable to trace my parcel from delhi i m from cbe parcel off staff have no idea whether material loaded or not wat do i do,0,0,0,0,1,0,0,1
tte comes only after hapur stn when majority of ticketless passengers have deboarded it s useless to buy tic�¢,0,0,0,0,1,0,0,1
we are traveling in we have child who is vomiting much and water is not in any coach plz fill water in coaches and help,0,0,1,0,1,0,0,0
that�?¢ s poor railways poor very poor,0,0,0,0,1,0,0,1
sir ye sab hal habibaganj station m p bhopal ka hai toilet ka hai,1,0,1,0,0,0,0,0
pnr ac not working dirty towel and pillow cover,1,0,1,0,0,0,0,0
fan not working on cheran express s,0,1,1,0,0,0,0,0
i m cancer pt when i booked tkt fr checkup with my brother as escort they say no possiblities of tkt fr my daugh yr tkt,0,0,0,0,1,0,0,1
i m a passenger in aleppey chennai superfast train hoping to catch at least last bus,0,0,0,0,1,0,0,1
dear sir the food served in most of shatabdi trains is substandard dal and paneer is tasteless,0,0,0,0,1,1,0,0
there is huge huge scope to improve bathroom they r extremely dirty amp spread germs,1,0,1,0,0,0,0,0
at patna jn pf shop exprss food delvry chargng rs for rs water bottle pls take action pnr,0,0,1,0,0,1,0,0
train about to arrive window clerk sadhana sharma goes missing,0,0,1,0,0,0,0,1
if your clerk can give tickets than why he is not giving why u advertisi�¢,0,0,0,0,1,0,0,1
sir i m ankit singh previous day i had booked a ticket in tatkal quota but i get wt list please help me pnr no,0,0,0,0,1,0,0,1
sir said missing person could not be traced despite best effort pl lodge missing report with grp,0,0,0,0,1,0,0,1
pnr coaches d and d are missing in the train please check it because of this i had to miss the train,0,0,0,0,0,0,0,1
i have a booking in train number rxl hyb special from gaya but when i want to see the current s�¢,0,0,0,0,1,0,0,1
now refund of only will be credited to my account soon where is balance amount of why this much of amount will,0,0,0,0,1,0,0,1
sorry for inconvenience matter noted to,0,0,0,0,1,0,0,1
really shameful almost after he train has departed from source and in st tweet tra�¢,0,0,0,0,0,0,0,1
user id macrohit date of booking,0,0,0,0,1,0,0,1
i m travelling in at present no security man here nd gents are travelling in ladies coach train is abt reach morinda,0,0,1,1,0,0,0,0
availability is less and requirement is high but food vendor is not provoded proper response every item rupees extra,0,0,0,0,1,1,0,0
scenic near on route,0,0,0,0,1,0,0,1
unable to file tdr of my pnr no in last hour allowing wrong thing for tc,0,0,0,0,1,0,0,1
travlng by trn bi coach surprised to find one toilet under lock n key as such no word of cleanliness prevail in train,1,0,1,0,0,0,0,1
i feel like it will work as intercity trains carry maximum job proffessionals who have to reach office neat and clean,1,0,1,0,0,0,0,0
need medical assistance in train pnr is,0,0,0,0,0,0,1,1
many passengrs pnr feeling stomach upset after dinner frm railways pantry,0,0,0,0,1,1,0,1
trying to book a tatkal ticket from last day but daily same problem exist please do some needful,0,0,0,0,1,0,0,1
be it sleeper or ac broken windows rats and cockroaches moving freely dirty old curtains and bed,1,1,1,0,0,0,0,0
at tnde railway station water cooler not working and not a single source of water a hell of service in c,0,1,1,0,1,0,0,0
it s train is in kota but no one contacted or solves the airconditioner matter in a,0,0,1,0,1,0,0,1
when evrythng of railways is going d next level y not security guard ur fairly place kol ofc securities r rude n misbehaved,0,0,0,1,1,0,0,0
inconvenience regretted matter is being taken up for further necessary action,0,0,0,0,1,0,0,1
railminindia details not available pls,0,0,0,0,1,0,0,1
no one is able to make tatkal tickets except brokers at jpg station take an immediate action now railway staffs are with them,0,0,1,0,1,0,0,1
rt passenger traffic has also shown significant growth in reserved amp suburban segments over cr additional passengers�?¢,0,0,0,0,1,0,0,1
train departed from itarsi but concerned is delay what if i miss flight due�?¢,0,0,0,0,0,0,0,1
kindly look into this,0,0,0,0,1,0,0,1
pnr trn dt frm ngp to cd ac is not working from last half amp hour,0,1,1,0,0,0,0,1
bags with valuables stolen how safe is travel on indian rail pnr i,0,0,0,1,1,0,0,1
no light stn plz check,0,1,0,0,0,1,0,0
sealdah delhi rajdhani is running hrs late pls do something abt it as its urgent to reach delhi,0,0,0,0,0,0,0,1
brave work of rpf soldier at railway station,0,0,1,1,1,0,0,0
sir is running late by and half hour please help us,0,0,0,0,1,0,0,1
rt glad to inform amp confirmed from multiple sources the newspaper was not distributed by railways officially but cou�?¢,0,0,0,1,1,0,0,1
so this is what india railways looks like can t get any better,0,0,0,0,1,0,0,1
sorry for inconvenience complaint will be attend at itarsi,0,0,0,0,1,0,0,1
current booking thr wr only seat in ac so cant get confirmed current booking wtng in ac,0,1,1,1,0,0,0,1
look outside the boundary wall of old delhi rly stn mess by vendors accumulated garbage traffic jam unusable urinals,1,0,1,0,0,1,0,1
even though we reach early and wait whole night outside post office for booking tatkal tkt we don t get it but agents do,0,0,0,0,1,0,0,1
phone robbed by kinnar at mehboobnagar rpf amp tt refused for proper help need help,0,0,0,1,1,0,0,1
my wife is travelling by rajdhani b she is having unbearable pain in stomach needs medical assistance nt wrkn,0,0,0,0,1,0,1,0
complaint no ticket id irctc ko check karke please resolve my problem shanker naryani mb,0,0,0,0,1,0,0,1
neither cooler working at platform no re nor water available in tap,0,0,1,0,0,0,0,0
traveling with wife and kids can you help with berth allotment booked tickets,0,0,1,0,1,0,0,1
sir a couple traveling to sc by train with yr old kid due to train delay milk t�?¢,0,0,0,0,1,0,0,1
sir irctc site is completely down since at the time of tatkal disappointed,0,0,0,0,1,0,0,1
cleaning staff is now cleaning coach s floor in regular intervals,1,0,0,0,1,0,0,0
rain no worst den summer special we r geting this kind of suvida in suvidha train mre den hrs late,0,0,0,0,0,0,0,1
no security for passengers on tarin theft chennai bilaspur express june fir filed lost valuable,0,0,0,1,1,0,0,0
launches optional catering scheme in two premier trains,0,0,0,0,1,1,0,0
it s not the solution,0,0,0,0,1,0,0,1
can t even use the restroom as the corridor is full of unreserved passengers please help asap,0,0,0,0,1,0,0,1
rt member traffic reviewed the april nov transportation performance with rly board and zonal rly officers and passed�?¢,0,0,0,0,1,0,0,1
change in name of e ticket passenger pnr no at kurnool krnt stating that days required but rule is hrs,0,0,0,0,1,0,0,1
sir what is the update who has reviewed as i do not see any action taken pl visit n take action,0,0,0,0,1,0,0,1
kindly add water bottle in e catering menu while i order a food of rs face problem coz min order amnt is,0,0,1,0,0,1,0,0
pls look into the matter,0,0,0,0,1,0,0,1
rt holistic strategy to ensure growth,1,0,0,0,1,0,0,1
didnt expect such a service from rajdhani after travelling sampoorna kranti where service was fantastic,0,0,0,0,1,0,0,1
traveling in train no from pune no cleaning services mosquito n flies in comprtmnt plz tkaction,1,0,0,0,0,0,0,1
jbp pltfrm no this mess looks bad on an otherwise clean platform,1,0,1,0,0,0,0,0
pathetic satitution in viashali ex b commercial staff allows general tkt passanger in coach after takeing bribe urgent,0,0,0,0,1,0,0,1
i am facing trouble to name change of my fathers ticket to my name as per rule in ncb amp cob,0,0,0,0,1,0,0,1
i ordered food through irctc catering from cumshum vendor to luk station i didn t got food till now hving kid,0,0,1,0,0,1,0,1
amp pantry car ppl of train number are overcharging on food and not providing menu card pnr b,0,0,1,0,0,1,0,1
we are given best suggestions and solutions for indian railway always confirmed rail tickets and connecting each other indian,0,0,0,1,1,0,0,1
thank u so much sir my money has been refunded,0,0,0,0,1,0,0,1
sorry for inconvenience your complaint will attended at cnb stn,0,0,0,0,1,0,0,1
why train status not shown on ntes when train is running delay b w mughalsarai and allahabad much frustrated,1,0,0,0,1,0,0,1
ijust wanna tl that please make a strong server for irctc site many times while booking a ticket server goes,0,0,0,0,0,0,0,1
how many more innocent people will have to this kind of�?¢,0,0,0,0,1,0,0,1
this winter no fog now a days still so late trains it looks staff�?¢,0,0,0,0,1,0,0,1
train on june from gnt to ypr dirty water in train complaint to tc but no use plz take action,1,0,0,0,1,0,0,1
train no seat no a the charging socket is not working my pnr no is,0,1,1,0,0,0,0,1
can t even log in at tatkal time why don t you increase bogie in howrah jamalpur express disappointed,0,0,0,0,1,0,0,1
sir u r laptop could not be traced despite best efforts thanks for calling us,0,0,0,0,1,0,0,1
could u all confirm at what time train will be reaching mumbai,0,0,0,1,0,0,0,1
sir want to set up rail neer bottling plant in jaipur or nearby area could you let me know the process of this,0,0,0,0,1,1,0,1
details not available pls,0,0,0,0,1,0,0,1
dear sir ticket with pnr was booked after paying amp automatically cancelled due to non availability of berths,0,0,1,0,1,0,0,1
rt win fifty amp amp or,0,0,0,0,1,0,0,1
is it true that alp willb retired instead of usual this would be gross injustice if true,0,0,0,0,1,1,0,1
you sud see how irctc functions at tatkal hours people are suffering and are forced to pay k above to agents,0,0,0,0,1,0,0,1
matter informed to concern officials regards,0,0,0,0,1,0,0,1
i booked a ticket in nizamuddin eranakulam duronto and pnr is and current status is ckwl,0,0,0,0,1,0,0,1
pay amp use toilets on narkatiagnj jn pltfrm overchrging fr toilet n urinte as rs there are no free toilts faclity on statn,1,0,0,0,0,0,0,0
urgent depute lady security force s seat ramnagar exp approaching bharuch,1,0,0,1,0,0,0,1
i am in pune nizamudin duranto there is water dropping in b toilet attended said it s like that only,1,0,1,0,1,0,0,0
my parents are travelling in pnr no the coach s is n�¢,0,0,1,0,1,0,0,1
sir sri mohd jamshed mt sri p guha principal ed coachg �° kindly re�¢,0,0,0,0,1,0,0,1
travelling to surat to kanpurtrain no very bed condition of washbasin no water plz take step,1,0,1,0,1,0,0,1
train no rd a c tatkal ticket sold out in second trying since june no luck,0,0,0,0,1,0,0,1
sir can you please let me know who will be doing the name cha�±ge i eticket no one is responding here in my place pl help,0,0,0,0,1,0,0,1
water getting wasted at panvel station maharastra platform no help draught situation,1,0,1,0,1,0,0,0
we are person traveling frm train no in coach no b no water supply since morning pls help,0,0,1,0,0,0,0,1
my father is travelling with pnr and he informed me that all the fans are not working in his coach cnt,0,1,1,0,0,0,0,1
how is dat possible sir we hv to give extra to da agent to buy tickets this is not fair plz help,0,0,0,0,1,0,0,1
you still cannot get a seat unless you bribe tte refer my complaint w wr bct,0,0,1,0,1,0,0,1
kinly help with irctc refund doing follow up with irctc since th may,0,0,0,0,1,0,0,1
no one responding on phone call at enquiry in jamalpur station please consider my complaint because�¢,0,0,1,0,0,0,0,1
dear sir i have book a ticket and i cancelled but the refund is not given by u plz help,0,0,0,0,1,0,0,1
trn no pnr charging socket of coach a is not working properly tripped several times,0,1,1,0,0,0,0,1
dear sir if the railway cancel the train due to there work then why the railway is not paying refund,0,0,0,0,1,0,0,1
kindly look into this,0,0,0,0,1,0,0,1
sir inconvenience regretted please lodge your fir if not lodged with grp and purs�¢,0,0,0,1,1,0,0,1
i think buying st class ticket of mumbai local proves that we are bigger asshole as there is no diff,0,0,0,0,1,0,0,1
train no coach b problem ac not working can some one help pls,0,1,1,0,0,0,0,1
travelling by mahanama exp pathetic experience regret watching its news on zee,0,0,0,0,1,0,0,1
rt alert rly man is the best safety device,0,0,0,0,1,0,0,1
i booked tickets from irctc mobile app the tickets are not booked but the payment is done does we are�¢,0,0,0,0,1,0,0,1
sir please delay the train by min please,0,0,0,0,1,0,0,1
in such cases what is the way out please suggest solutions,0,0,0,0,1,0,0,1
inconvenience caused is regretted this facility is provided on platform number one�¢,0,0,1,0,1,0,0,0
kindly share train no,0,0,0,0,0,0,0,1
sir train no coach b train just left ndls still toilets r dirty amp waiting passenger travelling,1,0,1,0,0,0,0,1
no lights at be platform pitch dark from late evening to early morning inconvenience to passengers,0,1,1,0,0,0,0,1
plz continue train no,0,0,0,0,1,0,0,1
no one has attended at cor now we are about to reach kota now the co�¢,0,0,0,0,1,0,0,1
please share train no and coach position,0,0,1,0,0,0,0,1
sir train is alredy hrs late amp and ac staff switch off ac from igatpuri,0,1,0,0,1,0,0,1
travelling new alipurduar to guwahati no new bed covers amp smelling bed sheet blanket condition pathetic disappointed,1,0,0,0,0,0,0,1
take some serious action on these people who is not understand rules and l�¢,0,0,0,0,1,0,0,1
no ticket checkers are bothered,0,0,0,0,1,0,0,1
enjoying wifi at lko station good speed service tax wifi cleaning is also good here,1,0,0,0,0,0,0,1
need medical assistance in train number pnr is feeling stomach pain,0,0,0,0,1,0,1,1
water scarcity in palamu express not a single drop of water in toilet from origin in s,1,0,1,0,0,0,0,0
train schedule dep for then p m then announced a m amp now no one knows when,0,0,0,0,0,0,0,1
sir fir lodged by grp tundla vide cr no nil u s ipc has been transferred to grp etawa,0,0,0,1,1,0,0,1
brc to bct seat s fans not working help will be greatly aplreciated,0,1,1,0,0,0,0,1
rt petition all you like if continually cut pso and under invest in public transport the travell�?¢,0,0,0,0,1,0,0,1
irctc booking in tatkal site very slow even after mins of prime time before two weeks it was ok,0,0,0,0,1,0,0,1
if it rains ring road between k r puram to silkboard b lore will be jam pack rechd office pm instead of am,0,0,1,0,1,1,0,0
there is no water in coach no s in train bskt kamakhya express no train is to reach baurani jn,0,0,1,0,0,0,0,1
sir you promote swach bharat abhiyan but brokers of toilets at various railway station charges to rs to for using toilets,1,0,1,0,0,0,0,0
travelling from bnglr to murudeswar in train s coach toilets a stinckng and its tough for passengers to sit here,1,0,1,0,0,0,0,1
the process of student concession in season tickets is so critical in ajmer railway region i am at udaipur helpless,0,0,0,0,1,0,0,1
train no is made unexpected late without any reason we r held up at ahraura since last one hour,0,0,0,0,0,0,0,1
train journey from cdg to ldh is mins but train is stopping every station late by mins,0,0,1,0,0,0,0,1
ultimate speed coming of free wifi provided by google at lucknow railway station thanks all,0,0,1,0,1,0,0,1
sir tc collector of every train take black money for allotting seat which is depend on ticket min it hpnd wid me,0,0,1,0,0,0,0,1
it s really bad service for rac under rd ac category really a bad experience no pillow no bed sheet n really rude staff,0,1,0,0,1,0,0,1
thanks for your reply,0,0,0,0,1,0,0,1
what is the actual price of dinner food in railway i am in porbandar motihari exp,0,0,0,0,1,1,0,0
huge crowd waiting to get tickets fr train in vm stn but only counters functioning pls increase no of counters,0,0,0,0,0,0,0,1
sir irctc ticket booking site goes stuck daily from am to am during tatkal booking,0,0,0,0,1,0,0,1
i want to know about meal throughout my journey reply me as soon as possible,0,0,0,0,0,1,0,1
my child is suffering from high fever can i take carlpol syrup in train no a,0,0,0,0,0,0,1,1
pathetic railway to train has been overtaken at cheoki n dis suvidha is stuck mre than hrs now,0,0,0,0,1,0,0,1
continuos water wastage fr om southern most tap at patna junction platform no dont know whom to contact,0,0,1,0,1,0,0,0
there is no water served in the train no with the food the pnr is,0,0,1,0,0,1,0,1
ajmer exp some people sleeping in local coa�¢,0,0,0,0,1,0,0,1
progress for mumbai harbour line is snail slowcattle class traveling,0,0,0,0,1,0,0,1
irctc shows this stupid error when trying to book tatkal i lost n dint get tikt tnx to awesome bugs,0,0,0,0,1,0,0,1
vr cleaning station wat abt train coaches where is swach train,1,0,0,0,0,0,0,1
matter has been forwarded to concerned official for n a,0,0,0,0,1,0,0,1
sir when will be taking furthr action adv sse p way sr zone medical joining no information given by sr hq chhanai,0,0,0,0,1,0,1,1
taken by your police in general coaches,0,0,0,1,1,0,0,0
in journey tym of hrs trn is running late by almost same tym leads to frustration whn v don t�?¢,1,0,0,0,1,0,0,1
sir the booking tab on the tiger express website is not working,0,0,1,0,1,0,0,1
magadh express dirty leaking and stinky toilet of coach b my pnr,1,0,1,0,0,0,0,1
check out thief catcher on the prolific reader,0,0,0,0,1,0,0,1
the train no from ndls to jogbani bihar is running late hours daily instruct to regulate it,0,0,0,0,1,0,0,1
plz help me coach position of train no of coach a at jaunpur jn,0,0,1,0,0,0,0,1
want help ticket wainting list no rajdhani pnr no very urgent to visit please date of travel,0,0,0,0,1,0,0,1
this is so absurd mumbai local trains never reached on time always getting late in kalyan junction dombivli in between,0,0,0,0,1,0,0,1
i was expecting some strict action on overcharging but instead received a mail stating counseling will be done for them,0,0,0,0,1,1,0,1
stnl stn concerned officer mini only,0,0,0,0,1,0,0,1
rt punish d murderers of who was thrown out of by�¢,0,0,0,0,1,0,0,1
travlling in trn no ypr gkp frm kcg to lko pnr vendors ovrcharging for cold drinks chips by rs tea for rs,0,0,0,0,1,1,0,1
please help his pnr number is,0,0,0,0,1,0,0,1
sir train no runs apprx hr late day today also it is running too late i want to draw ur kind attention towards this,0,0,0,0,1,0,0,1
kindly clarify the name of station with,0,0,1,0,1,0,0,1
not refunded by counter for waiting list counter tickt after chart prepared and not travelled pnr plz help me out,0,0,0,0,1,0,0,1
like airport fees railway must charge rs per ticket as station development and maintenance fees,0,0,1,0,1,0,0,1
tweet no late again today during morning peak hours by mins jam packed made in india,0,0,1,0,1,0,0,1
got stale snacks in train no in evening berth no b a vendor argued n denied,0,0,1,0,0,1,0,1
travelling in b tea is worthless quality very poor when complained misbehaved by vendor of the train plz help,0,0,0,1,1,1,0,0
traveled stations in last few days never seen stations so clean and hygienic coaches amp toilets absolutely clean,1,0,1,0,0,0,0,0
hundreds of ppl waiting at plateform since last hrs is any one take responsibility,0,0,0,0,1,1,0,1
pnr no as i orderd food frm train frm e catering i dont hv any print out of ordr slip which they require,0,0,0,0,0,1,0,1
sir i am since morning and two time i had connected the at no but they give me very bad response,0,0,0,0,1,0,0,1
air conditioning not functional at coach a dbrt rajdhani departed ndls on jun request attention,0,1,1,0,1,0,0,0
ws at lko charbagh station ystrdy lack of sufficient sitting arrangements and platform ws vry dirty,1,0,1,0,0,0,0,0
ajmer exp some people sleeping in local�¢,0,0,0,0,1,0,0,1
we are wants given best ideas and technology for indian railway development more than against japan and china,0,0,0,0,1,0,0,1
rt we are in the process of drawing up policies for each of the sectors of the economy on how to increase their busine�?¢,0,0,0,0,1,0,0,1
plz do favour for jaunpur jn jnu one more foot than over bridge but covered coaches indications�?¢,0,0,1,0,1,0,0,1
train c found fly in food,0,0,0,0,0,1,0,1
a highland moon enchantment by mary morgan via,0,0,0,0,1,0,0,1
our bag was stolen while traveling from to mathura color mustard m k is written on it some cash and imp documents,0,0,0,1,1,0,0,0
water not available in train no coach spnr,0,0,1,0,0,0,0,1
pnr no water in any of the taps provided be it washbasin or toilets,1,0,1,0,1,0,0,1
cutlery drink sache etc server n tt say menu old c just fyi,0,0,0,0,1,1,0,1
sir tweet delete water point action,0,0,1,0,1,0,0,1
maximum train stoppage in bharuch we want also stoppage of more train in evening time a�?¢,0,0,0,0,1,0,0,1
filthy toilet in a coach of shalimar exp coach smelling rotten can any reduce our tragedy,1,0,1,0,1,1,0,0
sir yesterday saw launch of irctc menu for kids its not healthy junk food only their pls look it,0,0,0,0,0,1,1,1
sir fir has been lodged by grp gwalior vide cr no u s ipc,0,0,0,1,1,0,0,1
rt dark pursuit a story is on sale for,0,0,0,0,1,0,0,1
please take n a,0,0,0,0,1,0,0,1
sir attended u r mother at berhampur amp khurda road but she had no problem thanks for calling us,0,0,0,0,1,0,0,1
train doj in frst general coachnd part ppl r fighting n in another only few ppl are there why,0,0,0,1,0,0,0,1
problem still persistno water in toilets and wash basintrain is halted at small stops making it more late,1,0,1,0,0,0,0,1
he replied if you can complain you can i am from irctc not any vendor pnr no,0,0,0,0,1,1,0,1
today during the morning peak hours trains were jam packed amp late by almost mins made in india,0,0,1,0,1,0,0,1
sir plz help to get handicap id card for online ticket booking on irctc officials at cstm stn not helping,0,0,0,0,1,0,1,1
thanks for quick response staff attended inform me that sun window screen was there sorry for misunderstanding on my part,0,0,1,0,1,0,0,1
please enquiry pantry carmineral water neer not salecoming station santasale water other local company,0,0,1,0,0,1,0,1
dearsir mymom is gt yrs and my law she is but i hv cnfrm ticket from yuva pnr ub for bth f plz help forub to lb,0,0,0,0,1,0,0,1
ajmer exp some people sleeping in local coash senior citizen ladies many people standing,0,0,0,0,1,0,0,1
train no coach b no water in toilet since morning kindly help,1,0,1,0,0,0,0,1
i don t know how transgenders enter in sleeper class without valid ticket and bag for money and bother young boys,0,0,0,0,1,0,0,1
water point vendor at pf charging extra money for water without any reason,0,1,1,0,0,1,0,0
cleaning staff of railways dumping garbage through the gaps in the vestibule area,1,0,0,0,1,0,0,0
sir mai month me bar yatra kr aur aaj bhi kr rha anvt bsb se aur hr bar ye late h aur aaj bhi late,0,0,0,0,1,0,0,1
sir can we get for which we all r paying or just cheating in name of food,0,0,0,0,0,1,0,0
boarded train number starting from new delhi station b compartment is completely dirty,1,0,1,0,0,0,0,1
replace the boggie at the latest,0,0,0,0,1,0,0,1
last night travel from badnera mh found no cleanliness toilets water dispenser was in bad shape,1,0,1,0,0,0,0,0
no water in b of since noon people are buying mineral water to go to washrooms please help pnr,1,0,1,0,1,1,0,1
will be attended at kota please share your mobile no,0,0,0,0,1,0,0,1
vendor simply overcharging for charging rs instead of rs printed mrp,0,1,0,0,0,1,0,0
thnks for baby food in selected stations cant there be essential medical stores under jan aushadhi scheme,0,0,0,0,0,1,1,0
middle birth fall on me while sleeping on lower birth due technical fault in middle birth,0,0,0,0,1,0,0,1
we presently traveling from tata nagar to jammu by muri express we are facing lot of problems mainly water in toilet,1,0,1,0,0,0,0,0
so get aadhar no of passengers travelling you get all details automatically mobile nos send ticket details it,0,0,0,0,1,0,0,1
sir fir has been lodged by grp mgs vide cr no nil u s ipc has been transferred to grp ndls,0,0,0,1,1,0,0,1
sir i am at ndls st plateform counter and only one no is active we commuters are facing problems,0,0,0,0,1,1,0,1
train has been at a halt since mins at hazrat nizamudd�¢,1,0,0,0,1,0,0,1
name ahmad ali d sheat no,0,0,0,0,1,0,0,1
travelling in an extremely unclean compartment in falaknuma no cleaning done on compartment b water logged�¢,1,0,1,0,0,0,0,0
mumbai locals collapsed on very first day of monsoon hope we will not suffer in this season,0,0,0,1,1,0,0,1
travelling in frm mum to kota sunshine vendor charging rs for ice cream of rs evn after objecting no refund,0,1,1,0,0,1,0,1
in train no we r facing horrible cooling problem since early morning do some necessary action,0,0,0,0,1,0,0,1
by no water in b b raised to tte called igatpuri no action again to bhusaval pls help,0,0,1,0,1,0,0,1
it was very difficult to locate a dustbin wardha railway stn how do you expect to keep it clean,1,0,1,0,0,0,0,0
what is the benefit of paying for sleeper tickets when train is running late,0,0,0,0,1,0,0,1
my mother is a cancer patient but does not get confirm ticket,0,0,0,1,1,0,1,1
u say service has got prompt sample this filed tdr on th feb yet to get refund,0,0,0,0,1,0,0,1
national train enquiry system is not updating localtrain running info properly,0,0,0,0,1,0,0,1
pnr train no train just started few hrs back toilet dirty no light in toilet no water,1,1,1,0,0,0,0,1
rt fan is not working in train coach s please assist,0,1,1,0,0,0,0,1
railminindia no responce from railway plz look into the matter,0,0,0,0,1,0,0,1
food quality is very bad and behaviour of vender is very rude,0,0,0,0,1,1,0,0
train no is hours late this train is for suvidha but what i m waiting for train at least hours,0,0,0,0,1,0,0,1
must check online tatkal ticket conspiracy,0,0,0,0,1,0,0,1
kindly share pnr number for further action,0,0,0,0,1,0,0,1
matter is fwd to the,0,0,0,0,1,0,0,1
can i use an unused ticket today of an express for fast passenger at pm today or i have to buy a new ticket,0,0,0,0,1,0,0,1
matter advised to concerned official for necessary action,0,0,0,0,1,0,0,1
fan isnt working for the last hours at the time of peak summer do help pnr,0,1,0,0,1,0,0,1
booked a e ticket on pnr number but till now not receiveing the ticket message on my resistor phone number,1,0,0,0,1,0,0,1
charger points of the complete bogie malfunctioning need immediate attention pnr,0,1,1,0,1,0,0,1
train stuck between kosikalan n palwal since one hour and no info when it will start as overhead wire has been broke,0,1,0,0,0,0,0,1
irctc looting customers for non confirmed tickets by deducting any even for non confirmed w l tickets,0,0,0,1,1,0,0,1
help help handbags with valuables stolen how safe is travel on indian rail pnr i,0,0,0,1,1,0,0,1
kindly share pnr number issue referred to concerned officials,0,0,0,0,1,0,0,1
check pics of railway failure,0,0,0,0,1,0,0,1
my wife s golden chain mangal sutra snatched in train pnr location,0,0,0,1,1,0,0,1
disappointed trying ticket for past one and half hours how do we travel,0,0,0,0,1,0,0,1
in ltt dbg suvidha train not working fan in s locomotive side fan,0,1,0,0,0,0,0,1
plz remove berth preference in tatkal booking we want tkt anyhw on any berth so ur choice has not met is jst time consuming,0,0,1,0,0,0,0,1
i ve called to railway enquiry but i didn t receive any satisfactory answer,0,0,0,0,1,0,0,1
pnr sir the ac is not working in my coach and tte has refused to write receitfor refund,0,1,1,0,1,0,0,1
unable to sit due to sticky stains on berth pnr no do help immediately,1,0,1,0,1,0,0,1
pls do needful to get water in train no tata amritsar exp in b coach,0,0,1,0,0,0,0,1
irctc site does not show the side middle berth optn for puri ypr garib rath amp in ticket it shows as side lower,1,0,1,0,0,0,0,1
i wonder how tatkal ticket can be booked by any agent and not be general people,0,0,0,0,1,0,0,1
the air conditioning is not effective in a coach of mysuru express from chennai central,0,1,1,0,0,0,0,0
i was booking my tiket with irctc payment has been done but no tiket booked happened twice no refunds till now from irctc,0,0,0,0,1,0,0,1
urgent pease hlp my sis travlng vid months baby kids intrain lost her reticule she is depressd pnr,0,0,0,0,1,0,0,1
train no pnr housekeeping selling water dat too viz printd rs in ttes presence no soap in toilt,0,0,1,0,1,0,0,1
unauthorized vendors selling food beverages and water in train and taking overprice,0,0,0,0,0,1,0,1
rt hot from bestselling author grace goodwin her cyborg beast by grace goodwin�¢,0,0,0,0,1,0,0,1
sir train is overloaded wid wait listers amp current ticketers due that confirmed passengers r in problem,0,0,0,1,0,0,0,1
my train in hours from ssm jn cant get any running status aur cancellation info what to do,0,0,0,0,0,0,0,1
a ticket with pnr was cancelled with id but no refund received yet,0,0,0,0,1,0,0,1
water being wasted at ltt mumbai no action taken by the station master,1,0,1,0,1,0,0,1
train overtaking dis suvidha train inspite being double track train being stopped hours n train is psssed,0,0,1,0,0,0,0,1
good morning india sir chapra railway station in stay tapti ganga express but no clean any general bogey plz rectified,1,0,1,0,0,0,0,0
this guy is missingname avinash singh age plz help to find out,0,0,0,0,1,0,0,1
varanasi sealdah upper india exp is getting too late everyday we r so much depending on this train pls solve this problem sir,0,0,0,0,1,0,0,1
filed tdr on st may no response till now the train was diverted why so much delay in response pnr,0,0,0,0,1,0,0,1
sir it is a matter of great satisfaction that missing person was traced thanks for calling us,0,0,0,1,1,0,0,1
loss rupees on monday due to hrs latency in jbp ind express very bad late without any reason got late in ofc,0,0,0,0,1,0,0,1
i am frequent traveller in train initially i saw dust bin cover in sleeper now i could not find any reason,0,0,0,0,0,0,0,1
it s your habit to make crowd dhkka mukki for tickets,0,0,0,0,1,0,0,1
respected sir please clean this coach in train no,1,0,0,0,0,0,0,1
security of pssngrs in trains is real prblm in eastern railways everyday chain purse snatching is takng place,0,0,0,1,0,0,0,0
my rating over coach quality rank cr wr nr nwr scr sachkhand exp rake very poor,1,0,1,0,0,1,0,0
sorry for inconvenience complaint will be attend at itarsi,0,0,0,0,1,0,0,1
pnr mosquitoes flis hovering pls do some cleanup tt not responding positively,1,0,0,0,1,0,0,1
ghar me satyanarayan ka paath karvaya hai shayad ab mujhe dilli ki ticket mil jae,0,0,0,0,1,0,0,1
ajmer exp some people sleeping in local coash senior cit�?¢,0,0,0,0,1,0,0,1
i joydev gangully on returning by falaknuma express around am my two atm card amp cash rs stolen,0,0,0,1,1,0,0,0
train last coach,0,0,1,0,0,0,0,1
i am traveling in s and what a security from the railway i did not see any security person from to,0,0,0,1,1,0,0,0
appreciate the grt wrk pls look into the irct site also at tatkal bkng hrs its s joke,0,0,0,0,1,0,0,1
railway is making mockery of its passengers through so called suvidha express unnecessarily running late for what,0,0,0,0,1,0,0,1
no water in s stinking sad plight jun,1,0,1,0,1,0,0,0
isn t tatkal booking is allowed at every station counter unable to book at teghra station tga,0,0,1,0,1,0,0,1
open corruption is being done by pantry car ppl in train no swatantrata senani express,1,0,1,0,0,1,0,1
will not be refunded please provide justification for deducted amount,0,0,0,0,1,0,0,1
traveled stations in last few days never seen stations so clean and hygienic coaches amp toilets also clean kudos,1,0,1,0,0,0,0,0
we appreciate the efforts by rly but ur rpf are menace all the time they are eating in pantry n passengers don t get service,0,0,0,1,0,1,0,1
monsoon in kerala train is leaking windows do not shut properly pathetic plight,0,0,1,0,0,0,0,1
in starting and in end of coach closed doors like ac coach will stop smell entering in coach of toilets thnx,1,0,1,0,0,0,0,0
duranto exp food excessive spicy unable to eat cockroaches roaming inside toilet stinking coach be seat,1,0,1,0,0,1,0,0
which city was first to get water atm rly station which cities have installed water atms pls reply asap,0,0,1,1,0,0,0,1
toilet of b coach in is leaking please do something asap,1,0,1,0,0,0,0,1
the local train service is very bad on harbor line no place for commuters please help,0,0,0,0,1,0,0,1
adulterated water being given ppl in paschim express vendor refused give rail ner,1,0,1,0,1,1,0,0
pnr trn b ac didn t wrk at al from starting plz refund the ticket thanks,0,1,0,0,0,0,0,1
pnr mobile charging points not working please resolve,0,1,0,0,0,0,0,1
sir train no is running late by hrs there is no provision for even getting tea on board what a passenger can do,0,0,0,0,0,1,0,1
train number is delayed by about hours but ntes says its on time and has reached,0,0,0,0,1,0,0,1
sir fir lodged by grp jaipur vide cr no u s amp ipc has been transferred to grp rewari,0,0,0,1,1,0,0,1
please help his pnr number is,0,0,0,0,1,0,0,1
no one taking responsibility either at ndls or bza it was supposed to be delivered on th my work is suffering,0,0,0,0,1,0,0,1
you let me in trouble my train got cancelled without any information my journey is stuck in between�?¢,0,0,0,0,0,0,0,1
dear sir u took a good initiative of wateratm but the machine is dispensing ml water on the price of ltr,1,0,1,0,0,1,0,0
sir please hlp my sis travlng vid months baby kid intrainlost her reticule she is vry depressd pnr pls asist,0,0,0,0,1,0,0,1
sir missing girl could not be traced pl lodge missing report with grp siliguri,0,0,0,1,1,0,0,1
the first class coupes in the ranchi hatia express are very old and poor air conditioning they should be replac,0,1,1,1,0,0,0,0
sir catering services in double decker train no lko to anand vihar termina is very poor venders of irctc r selling poor,0,0,0,0,0,1,0,1
my uncle trevelling to train no coach no b he found that the toilet of this coach is very dirty plz do something,1,0,1,0,0,0,0,1
train no ac is not working it s very dirty,1,1,1,0,0,0,0,1
sr aap kya kahenge koi action lenge aap ya nahi,0,0,0,0,1,0,0,1
what a great prime minister works x great work,0,0,0,0,1,0,0,1
educated people leave india be coz poor quality of life we want high quality railways and railway stations,0,0,0,0,0,1,0,1
official concerned has been advised to look into this,0,0,0,0,1,0,0,1
sir its been a long time to published in panel of cen of rrb guwahati bt yt medical is nt taken,0,0,0,0,1,0,1,0
no water supply in washrooms for the last hours pnr,1,0,1,0,1,0,0,1
too many unresered people in the coach it can lead to security issues pnr no coach s,0,0,1,1,0,0,0,1
this is what looks like,0,0,0,0,1,0,0,1
fzr kir special train has beeb delayed by hours whats the reason for delayed nobody care for special train,0,0,0,0,1,0,0,1
we booked ticket of bbs duranto from cnb to bbs for with cnfrm nd waiting seats no food is provided nor refund,0,0,0,0,1,1,0,1
berth env is quite unhygenic insects wandering here n there pnr,1,0,1,0,1,0,0,1
at nzm rly station think u guys playing with the security of country amp passenger,0,0,1,1,0,0,0,0
no water in sl coaches in please do the needful at next station pnr,0,0,1,0,0,0,0,1
i am travelling in s toilet is smelling horribly sorry if its not the rt handle for complaints,1,0,0,0,1,0,0,0
awesome posted your tweet up here,0,0,0,0,1,0,0,1
thank you a lot for showing quick response and helping my sister with efficient team of doctors,0,0,0,0,1,1,1,1
tt accepted bribe in train coachb allotted seats wrongly he ll get off at malda shortly act soon,0,0,0,0,1,0,0,1
sir i want some action not just tweet for fomalty o want improve my r�?¢,0,0,0,0,1,0,0,1
medical issue need an ac coach ready to pay extra cost o w have to cancel the journey pnr train plz help,0,0,1,0,0,0,1,1
i m from kaithal haryana india my whatsapp no no cleanings at our station plz massage the related staffthnx,1,0,1,0,1,0,0,1
rt i m on general ticket counter on nhh stsn and clerk says tkt will be given min before train arrival�?¢,0,0,0,0,1,0,0,1
dahod valsad superfast train is today min late and this train is not a single day coming on�?¢,0,0,0,0,0,0,0,1
the changed passenger centric face of railways is vis�?¢,0,0,0,0,1,0,0,1
name of passenger is wrongly written in the ticket due to passenger s fault how to correct it before the journey date,0,0,0,0,1,0,0,1
sir ye toilet mumbai central ke main line ke upper hai yah toilet ke rs lete jab ki railway rs hai,1,0,1,0,0,0,0,0
thanks for your help,0,0,0,0,1,0,0,1
train reached mgs amp still running hrs late pls care,0,0,0,0,1,0,0,1
the whole berth area shatterd with the peels of various organics need immediate cleanup pnr,1,0,1,0,1,0,0,1
sir u r father traced out at vizianagarm and handed over to ur brother thanks for calling us,0,0,0,0,1,0,0,1
all over india a c waiting room does not charge premium of hour in chennai egmore �?¢,0,0,0,0,1,0,0,1
but why should i take the chocolate in the first place i need my change,0,0,0,1,1,0,0,1
unless u fine people who make mess dirt in railways like d metro clean railways is a dream,1,0,0,0,0,0,0,0
please send immediate help in train which is running without water in toilets,1,0,0,0,1,0,0,1
mom travelling m train pnr purse stolen nt cntctble rqst manage cntct my no,0,0,0,1,0,0,0,1
double deker train is always late we face problems further ac function is very poor,0,1,0,0,0,0,0,1
pnr no i have a visa appointment a m tomorrow train already late by hours plz help,0,0,0,0,1,0,0,1
prabhu aap bhi so gya passenger will get tickets,0,0,0,0,1,0,0,1
n parcel was supposed to be loaded on the same day and unloaded next day till date it is yet to be loaded,0,0,0,0,1,0,0,1
kindly share your pnr no,0,0,0,0,1,0,0,1
north east express is being delayed by hours can someone see to it that it reaches anand vihar as soon as possible,0,0,0,0,1,0,0,1
prabhu sir passengers traveling in rajdhani first ac definitely deserve clean bathrooms and soaps apart from clean coupes,1,1,0,1,0,0,0,0
sorry for inconvenience complaint will be attend at itarsi,0,0,0,0,1,0,0,1
tatkal agents are in front of me at nagpur railway station vo kisi aur ke naam pe ticket nikal rahe hai plz help,0,0,1,0,1,0,0,1
sir unable to understand why spent crores on bg from gkp to gonda via bny route if there is no train for delhi,0,0,0,0,1,0,0,1
just a bribe is enough to convince them to travel in the reservation coach,0,0,1,0,1,0,0,1
plz install coach indicator displ¢,0,0,1,0,1,0,0,1
ticketless travellers tte less coaches tapless bathrooms waterless flush n feces filled toilets,1,0,1,0,1,0,0,1
rt noise pollution does not mean only loud sound continuous unnecessary effectless announcements amp undesired irri�¢,0,0,0,0,1,0,0,1
rd ac in t no coach b worst coach,0,1,1,0,0,0,0,1
please help one poor villager is no more just hirakud station sambalpur divi,0,0,1,0,0,0,0,1
please hlp my sis travlng vid months baby kids intrain lost her reticule she is depressd pnr,0,0,0,0,1,0,0,1
dark pursuit a story is on sale for,0,0,0,0,1,0,0,1
dear sir pnr no train no from chapra to new bongaigaon still showing waiting list i�?¢,0,0,0,0,1,0,0,1
ppls r in queue and waiting for tickets and clerk and railway dono so rhe hai,0,0,0,0,1,0,0,1
trains are running late daily in the route bbs tig please sort it out immediately sir,0,0,0,0,0,0,0,1
suvidha railway is charging too much this is called real loot in the name of confirm ticket without water and food in,0,1,0,1,0,1,0,1
new bongaigaon assam railway station clean railway station,1,0,1,0,0,0,0,0
sir i am travelling in coach d seat no in sorry to say that wastewater of washbasen is coming into�?¢,1,0,1,0,0,0,0,0
the lady in the picture named bharti lal was facilitating brokers instead of her duty,0,0,0,0,1,1,0,1
i tried to buk tkts thru irctc st in tr no i am not getting confm tkt i terminated transaction but my a c is debited,0,0,0,0,1,0,0,1
hello sir i am traveling in there are many water bottle seller but everyone asks for,0,0,1,0,0,1,0,0
irctc site not opening during tatkal timings,0,0,0,0,1,0,0,1
understand from train number departed yesterday from ajmer is delayed by hrs please reconfirm,0,0,0,1,1,0,0,1
awaiting action still paying rs for tea costing rs every food itm highly ovrpriced,0,0,0,0,0,1,0,1
pnr trn can u give rate list for veg food for this train they are charging for that,1,1,0,0,0,1,0,1
kindly share pnr amp contact number issue referred to concerned official for urgent medical assistance,0,0,0,0,1,0,1,1
i am travelling right now in mumbai rajdhani and its amazing to see the coaches being cleaned,1,0,0,0,1,0,0,1
wonderful initiative making the railways more customer centric,0,0,0,0,1,0,0,1
rlys providing textbook resolutions on complaints lodged on webportal no use complaining,0,0,0,0,1,0,0,1
train rescheduled but still not depart its sad already hrs late howrah,0,0,0,0,1,0,0,1
how can we respect people who lost life on they must be remembered in some manner whe�?¢,0,0,0,0,1,0,0,1
even with extra paid ticket no seat no food what a shame tt amp attendants say do what u want to do,0,0,0,0,1,1,0,1
kindly send anyone railway staff to attend,0,0,0,0,1,0,0,1
sirplease pay attention to ziyarat express which is always late hours to agra fort station,1,0,1,0,1,0,0,1
a tc took bribe to trade our checked rac seat pnr spent hours in lobby at night pls tell how to report this,0,0,1,0,1,0,0,1
i ve been trying for tatkal from ndls to jsme in since last days but either server gets unavailable or finish,0,0,0,0,1,0,0,1
trn no pnr charging socket of coach a is not working properly tripped several times,0,1,1,0,0,0,0,1
irctc ticket id is i contact care co in many time but i recieve only two ticket copy but i book four ticket,0,0,0,0,1,0,0,1
no responce from railway plz look into the matter,0,0,0,0,1,0,0,1
pnr ac not working in my ac coach since morning all passengers sweating,0,1,1,0,0,0,0,1
is late by hrs need to catch coromandel m chennai plz help thr r many passngrs wid kids here who will suffer,0,0,0,0,1,0,0,1
refund proc time is weeks doesn t railways have money to give back refunds tkt canc on stl not credited,0,0,0,0,1,0,0,1
and the tatkal ticket booking site doesn t operates smoothly while booking tickets please look into the matter sir,1,0,0,0,1,0,0,1
pnr fan chocked repairmen came bt couldnt fix it summer,0,1,1,0,0,0,0,1
sir please shear your contact no amp journey ditels,0,0,0,0,1,0,0,1
he prabhu punctuality safety cleanliness is our basic requirements plz do some for these,1,0,0,0,1,0,0,1
kindly share pnr for better assistance kindly look into it,0,0,0,0,1,0,0,1
sira couple traveling to sc by train with yr old kid due to train delay milk t�¢,0,0,0,0,1,0,0,1
valve number on platform number is open and the water is draining down the sewage please instruct�¢,1,0,1,0,0,0,0,1
sir please respond to my tweet regarding an extra birth in train pnr nmbr thanks,0,0,0,0,1,0,0,1
request to ensure cleanliness for western southern railways had reported issue last time,1,0,0,0,0,0,0,1
train is delayed by hours but ntes is showing its on time and has reached,0,0,0,0,1,0,0,1
sir this is local coash and pls search my location on google and ma�¢,0,0,0,0,1,0,0,1
can t we increase security check in railway stations just like metro stations feeling safe is best comfort,0,0,0,1,1,0,0,0
i am able to get tickets through counter ticket agents very high rate but unable to get it online,1,0,0,0,1,0,0,1
sorry for inconvenience matter noted to,0,0,0,0,1,0,0,1
due to i not give bribe of rs to the booking cleark in ahmdabad item is on my name my leave ends on june kindly look,0,0,0,0,1,0,0,1
rt please share your pnr no,0,0,0,0,1,0,0,1
surprised rac ticket get wait listed after chart preparation pnr no was rac,1,0,0,0,1,0,0,1
travelling without ac in ac coach from th may now no water available in washrooms for need indian railway management,1,1,1,0,0,0,0,0
in train no irctc is selling poor quality water and food items plz see this rail neer is nt available in train,0,0,1,0,0,1,0,1
thanks sir for always new initiatives,0,0,0,0,1,0,0,1
sir i am traveling in train no from jhansi to lucknow this train also late started from,0,0,0,0,1,0,0,1
i am scheduled to fly to ccu from kl tomorrow pnr werkxb got an email saying my flight has been�¢,0,0,0,0,1,0,0,1
hats off and your thanks to you,0,0,0,0,1,0,0,1
travelling by to goa this train has lost all semblance of timeliness stopping at all unscheduled stops,0,0,0,0,0,0,0,1
no refund till date for last person more than is over kindly refund my money,0,0,0,0,1,0,0,1
n i have booked a luggage via prr on th june at ndls for pnbe it was against ticket so the,0,0,1,0,1,0,0,1
train tte take charge rs for per bearth allotment nd rac passenger travelling with sharing bearth,0,0,0,0,1,0,0,1
rt is a weapon to extort money coz familes emergency if your clerk can give tickets than why he is not giving,0,0,0,1,1,0,1,1
delaying an already delayd train has bcum such waiting for train for hours now,0,0,0,0,0,0,0,1
sir pls help travelling with family and still seats are w l pnr njp to dli dt june plz help,0,0,0,0,1,0,0,1
unable book tatkal tkt frm chennai to b lore sleeper class bnglr mail irctc supreme service digital india,0,0,0,0,1,0,0,1
rt ministry of railways�?¢ launched�?¢ st�?¢ swarna rajdhani train no new delhi sealdah rajdhani rake today a major�¢,0,0,0,0,1,0,0,1
rt hours journey completed in hrs excluding waiting time hrs u should take responsibility mostly trains late t�¢,0,0,0,0,1,0,0,1
ac blowing warm air feeling to die in this closed compartment,0,1,1,0,0,0,0,1
kindly look into this matter,0,0,0,0,1,0,0,1
impossible to get tatkal tickets from dis reservation centre,0,0,0,0,1,0,0,1
sir traveling by train no y nt catering service provider r nt selling railneer,0,0,0,0,0,1,0,1
thanks sir today s proposed starting of saharsa purnea line under ecr we request you to start hate bazare through this line,0,0,0,0,1,0,0,1
on board entertain system in bad shape same adds repeated every mins good work in other sectors nullified here,0,0,0,0,1,0,0,1
today i ordered a thali in comesum thali is delivered but there is not a single roti,0,0,0,0,1,1,0,1
big mouse found below the berth plz help cant sleep pnr,1,0,1,0,1,0,0,1
confirm ticket kar de back pain is peresisting pnr trn dt frm nzm apr,0,0,0,1,1,0,0,1
irctc is a shit failed booking tickets many times and no refund of money,0,0,0,0,1,0,0,1
tdr with id for ticket with pnr was filed as the train was cancelled no refund yet,0,0,0,0,1,0,0,1
bags stolen mine and of my copassenger having imp documents pnr,0,0,0,1,0,0,0,1
please look into this non of my refunds are processed for all the below tickets,0,0,0,0,0,0,0,1
matter brought to notice of concerned official,0,0,0,0,1,0,0,1
ac not working kids and old age suffering in a vaccume in degrees from last hours pls help next stop gwl,0,1,0,0,1,0,0,1
in sabarmati coach athere is no proper cooling we r facing problem since early morning please do some necessary,0,0,1,0,0,0,0,1
respected sirs thank you for quick action and response i rahu�?¢,0,0,0,0,1,0,0,1
i m traveling pnr water bottle provided is very hot and nondrinkable kindly help feeling thristy,0,0,1,0,1,1,0,1
please insure that every vendor have carry rate list approved by railways they are overcharging from passenger,1,0,0,0,0,1,0,1
is gettin furthr late aftr kanpur late hrpls care,0,0,0,0,1,0,0,1
please call me i have serious complaint,0,0,0,0,1,0,0,1
sir message given to sse umb and matter forwarded to,1,0,0,0,1,0,0,1
in such cases what is the way out please suggest solutions,0,0,0,0,1,0,0,1
kindly share your pnr no,0,0,0,0,1,0,0,1
mob snatched in moving train trn e pnr no one helping no fir frustrating plz help,1,0,0,1,1,0,0,1
hasle begins on very first day of rain in mumbai train out of time table ther won t b any smrt dry modern station neari n time,0,0,1,1,0,0,0,1
this ticket counter kalyanidoesn t open if it does seldom thoug it helps numerous uhh,0,0,0,0,1,0,0,1
irctc emergency plz help,0,0,0,1,1,0,1,1
why pantry car services are not provided in any of the mumbai to varanasi trains,0,0,1,0,1,1,0,0
we are in s coach was not clean lot of incect are disturbing all pasengers kindly clean the coach in salem,1,0,1,0,0,0,0,0
ppls r in queue for tickets without any time limit because your trains getting late and late,0,0,0,0,1,0,0,1
matter notified to the concerned officials,0,0,0,0,1,0,0,1
comp no matter forwarded to look into this matter amp kindly pr�?¢,0,0,0,0,1,0,0,1
why i still see service charge while booking the tickets online,0,0,0,0,1,0,0,1
pnr nijamabad stn platform selling water bottles for rs,0,0,1,0,1,1,0,1
mumbai central locals r late everyday at peak hours and its not even raining yet,0,0,0,0,1,0,0,1
not expected my parents missed the train no help from you disappointed,0,0,0,0,1,0,0,1
such lousy food in rajdhani to dbrt toilets are hell can t even step in,1,0,0,0,1,1,0,0
sir no water in b n coach is also not clean at train it s really difficult to travel with kids pl do something,1,0,1,0,0,0,0,0
your mail is forwarded to as mentioned in the screenshot,0,0,0,0,1,0,0,1
please select medical passed candidates in rrc allahabad employment noyice no group d vacant vacancy,0,0,0,0,0,0,1,1
need some help in teain no as our bag was stolen and no police is available to file a complaint,0,0,0,1,1,1,0,0
need helppnr trn dt frm nzm to aprcls slp rc s having back pain req for confirm ticket,0,0,0,1,1,0,0,1
ben sending msgs the lst night to recvd no reply am i wrong to ask fr ny refund,0,0,0,0,1,0,0,1
want to buy tickets of saraighat exp for frm hwh but for last few days within sec all ac tickets r sold,0,1,1,0,0,0,0,1
a women gave birth to baby plzzz send police also as some feud is happening over babay,0,0,0,1,0,0,0,1
train no b amp disgstin behavior by da atender poor toilet condtns,1,0,0,0,1,0,0,1
thanks sir light has came,0,1,1,0,0,0,0,1
when are you planning to make catering charges in shatabdi optional,0,0,0,0,0,1,0,0
travelling in frm gandhidham to surat there is no water in b paying more thn normal fare how it is special train,1,0,1,0,0,0,0,1
nothing happened yet i didn t receive any call and i am about to reach my destination�?¢,0,0,0,0,1,0,0,1
finger brokenof my frnd by falling from upper berth cannot find any medical assistance pnr,0,0,1,0,1,0,1,1
sorry the tweet received from doesn t contain your complaint,0,0,0,0,1,0,0,1
pantry officials billing us double than printed all complaints in vain pnr,0,0,0,0,1,1,0,1
rough language n sir my small advice ticket collecter ko sikya jaye ki passenger n staff se kaise baat ki jti ty rly ministry,0,0,0,0,1,0,0,1
rt atm contract signing for construction of pnr clark phase tutuban malolos project bet dotr nstren consortium,0,0,1,0,1,0,0,1
will never travel in n two hours already late dinner may not be available at gwalior now,0,0,0,0,1,1,0,1
if my ticket remains rac even after chart is prepared then isn t logically w�?¢,0,0,0,0,1,0,0,1
train no b is very poorly maintained yesterday toilets were dirty today no water in toilets,1,0,1,0,0,0,0,1
unreserved people sitting near toilets female passengers finding difficult to use washroom pnr coach s,1,0,1,0,0,0,0,1
refunds for pnr s pending since th may pl hlp,0,0,0,0,1,0,0,1
payment done ticket not issued and cant book again as tickets,0,0,0,0,1,0,0,1
pnr no need mdical having blood vomits,0,0,0,0,1,0,1,1
sir thanks for your appreciation,0,0,0,0,1,0,0,1
we r travelling in train no from delhi to udupi there is no water shop available in the train in ha coach,0,0,1,0,0,0,0,1
sir no response from anywhere neither nor tdr rejected pnr,0,0,0,0,1,0,0,1
my ac ticket status changed from rac to w l whats happening in indian railway jai ho corruption,0,1,0,0,0,0,0,1
sir fir lodged by grp kota vide cr no u s ipc dt,0,0,0,1,1,0,0,1
dear sir kisan express regularly late arrived at hisar complaint or tweeted so many�?¢,0,0,0,0,1,0,0,1
dadar bikaner express running hours late worst travel experience in life and we r dreaming about fast bullet train,0,0,0,0,1,0,0,1
pnr trn dt frm mgs to ctc cls a p b sir i lost my shoes may be some one stolen,0,0,0,1,1,0,0,1
there is leakage of roof of train no coach no b at toilet and near toilet area repair it,1,0,1,0,0,0,0,1
sir we waiting train it time is pm but it is hour late n still no delay on enquiry kindly look into it,0,0,0,0,1,0,0,1
one day railway official plz try to booking for tatkal tickets then u will understand that all tickets are booked by counter,0,0,0,0,1,0,0,1
rt provide min stoppage for karnataka sampark kranthi at,0,0,0,0,1,0,0,1
pnr no amp one s allotted for two persons kindly help,0,0,0,0,1,0,0,1
this is boisar station when i was there last week clean platform and tracks,1,0,1,0,0,0,0,1
coach g the condition of bathroom and coach is disappointing no water in bathroom pnr,1,0,1,0,1,0,0,1
what is the price of water bottle in train,0,0,0,0,0,1,0,1
sir today i tried tatkal booking the server not allowing me to login horrible exp hope u do d needful,0,0,0,0,1,0,0,1
sir there is no water in coaches s s of train no train at jabalpur kindly refill water,0,0,1,0,0,0,0,1
train no is also hours late but on gonda station my train hold amp wait for after coming amp pass this train,0,0,1,0,0,0,0,1
sir i have lodged complaint no w nr lko dt none has replied kindly intervene,0,0,0,0,1,0,0,1
rt all commodities have registered robust growth with steel at cement containers iron ore and coal �?¢,0,0,0,0,1,0,0,1
pnr coach is so dirty no cleaning facility evn dustbin is full inconvenience caused,1,0,1,0,0,0,0,1
seeking clarification if i book tickt frm statn a to b with boarding statn as x tt will not cancel my ticket till station x,0,0,0,0,1,0,0,1
no one can sit anywhere as there is water from every where inside compartment,0,0,1,0,1,0,0,1
sir this one is the detail,0,0,0,0,1,0,0,1
now iam forced to travel to bza to track the same as ndls refused for any help this is a horrible situation,0,0,1,0,1,0,0,1
pnr train railway says that they provide free wifi in this train but wifi is not working in my coach,0,0,1,0,0,0,0,1
what s the point of paying dynamic prices when u can t run a train on time,0,0,0,0,1,1,0,1
catering team is even not selling railway water selling water of different cmpny without sealed pack,0,0,1,0,0,1,0,0
delhi amritsar shatabdi horrable food attendent has not been even bring the complain book to raise issue,0,0,0,0,1,1,0,0
will also help in detecting frauds and black marketing of all sorts of tickets hope you would like the idea,0,0,0,0,1,0,0,1
kindly send anyone railway staff to attend,0,0,0,0,1,0,0,0
i have been following up for refund for weeks but no response pnr number,0,0,0,0,1,0,0,1
send some police officer for this any immediate take action on this,0,0,0,1,1,0,0,1
please take up my case too i just cant keep calling on the irctc number that doesn t get connected,0,0,0,0,1,0,0,1
sorry to say bitter true that there is no at patna jn still dirty platform n rail tracks,1,0,1,0,1,0,0,1
kindly share pnr number issue forwarded to concerned officials,0,0,0,0,1,0,0,1
namaste sirwhy you not make accountable caterers for proper stacking of food plate,0,0,0,0,0,1,0,1
sir u r brother could not be traced despite best efforts pl lodge missing report with grp varansi,0,0,0,1,1,0,0,1
railway is going fast but still the tatkal ticket booking at irctc site is like running at tortoise speed,0,0,0,0,1,0,0,1
only one charging point among six passengers in acnd train no pnr,0,1,0,0,0,0,0,1
travelled by train the c coach was infested with cockroaches informed drm tvm but no response,1,0,1,0,0,0,0,1
auto signalling should be done over dli umb route asap trains running late,0,0,1,0,1,0,0,1
now railway is performing best,0,0,0,0,1,0,0,1
pantry is charging rs extra over the mrp as cooling charges colddrink train pnr s,0,1,0,0,0,1,0,1
i am unable to contact the person can u plz call d given no sry for late rply,0,0,0,0,1,0,0,1
irctc looting customers for non confirmed tickets by deducting any even for non confirmed w l tickets weird and pathetic,0,0,0,1,1,0,0,1
train no coach b ac not working and passengers are suffering a lot,0,1,1,0,0,0,0,1
plz let me know the fine charges for onboarding in vendor comp of ladies spl trn in sdh div,0,0,0,0,1,1,0,1
mobile charging sockets not working at our seats ticket pnr need appropriate action,0,1,1,0,0,0,0,1
i need to book full coach so i need help where can i book coach and my all tickets will transfer please help me,0,0,0,0,1,0,0,1
sewa launched infant food now available at nvrr platform palakkad jn,0,0,1,0,0,1,0,0
sir paid by staff for no platform ticket when asked reciept and name he was threatened to pay,0,0,1,1,1,0,0,1
pnr train no dirty toilets and bedroll pathetic please help,1,0,0,0,0,0,0,1
the train has stopped due to engine breakdown since last hrs creating long ag�¢,0,0,0,0,1,0,0,1
found a fun we passengers couldn�¢ t differentiate b w a real and a toy pnr,0,0,0,0,1,0,0,1
din se delhi pe he bhubaneswar kelie tickets nehin milraha train me me n mera dost interview kelie aaye the plzz helpus plz,0,0,0,0,1,0,0,1
water being wasted at ltt mumbai no action taken by the station master,1,0,1,0,1,0,0,1
water pipe broken in platform sbc bengaluru majestic kindly fix,0,0,1,0,0,0,0,0
sad reality of ur railwy sir we can afford water n live wtht wifi pls sir fix basics,0,0,1,0,1,0,0,1
rt it s true and strict action should be taken against ppl doing so few months back had issued rate lis�¢,1,0,0,0,1,0,0,1
tried to book tatkal tkt made d payment am both days but failed get a tkt agent manage get tkt how smell a rat,1,0,1,0,0,0,0,1
the train has stopped due to engine breakdown since last hrs creating long ag¢,0,0,0,0,1,0,0,1
want to book ticket from ndls njp june rajdh ex but almost ticket has already been booked in tatkal,0,0,0,0,1,0,0,1
train g catering staff only offering fix meal thali for rs had to take as no other option available jat jai,0,0,0,0,0,1,0,1
water being wasted at ltt mumbai no action taken by the station master,1,0,1,0,1,0,0,1
may take cue from global companies to train travelling ticket examiner,0,0,0,0,0,0,0,1
bcoz of agents we r nt able book tatkal tkt from ranchi head post office look into this they r doing black marketing of tkt,0,0,0,0,1,0,0,1
sirpls make the online facility for general tickets throuch irctc like portals,0,0,0,0,1,0,0,1
they do not have performance appraisal and variable pay so obvio�¢,0,0,0,0,1,0,0,1
pnr no train s s coach suspension is not working getting heavy bumps on head please repair it now,0,0,1,0,0,0,0,1
catching agents will not solve problem like this instead increase the time for booking of counter tickets like irctc secs,0,0,0,0,1,1,0,1
i have booked my ticket online but didn t get any sms or mail confirmation about reservation,0,0,0,1,1,0,0,1
trying to book tatkal ticket from mfp to ndls for last week and have failed due to your poor website performa,0,0,0,0,1,0,0,1
n ticket collecter full support but railway employs groupd is not allowed any coach in train n ticket collecter use some,0,0,1,0,0,0,0,1
my pnr is and mobile no is coach and toilet are very dirty no one is here for customer,1,0,1,0,0,0,0,1
pltfrm pnbe sells softdrinks amp railneer even thgh clearly written,0,0,0,0,1,0,0,1
extremely dirty bathrooms in ac tier coaches of the overall maintenance and cleanliness seems below par,1,1,1,0,0,0,0,0
want to inform u that train no run late on regular basis please intervene to correct it s timing why always run late,0,0,0,0,1,0,0,1
having very bad experience by railway tte in g of seat tte not even rplyd prprly wen asked abt seat ladies,0,0,1,0,1,0,0,0
rt is any action taken or ju�¢,0,0,0,0,1,0,0,1
no coach location sign boards on ludhiana jn it is very hard to run for it when not aware ldh jn is a busy station,0,0,1,0,0,0,0,1
sir fir has been lodged by grp raipur vide cr no u s ipc,0,0,0,1,1,0,0,1
pantry manager has promised to look into the matter hope this never continues thanks for the help,0,0,0,0,1,1,0,1
there is huge rush for tatkal tickets and bem stn ticket window asks for extra rupees for ticket pls intervene,0,0,1,0,0,0,0,1
rt hours journey completed in hrs excluding waiting time hrs u should take responsibility mostly trains late t�?¢,0,0,0,0,0,0,0,1
mission min fail at dec passanger not getting tickets in min,0,0,0,0,1,0,0,1
train no semanchal from anvt to patnarunning very late to hrs on daily basis plz do the needful,0,0,0,0,1,0,0,1
veg thali you paid rs only,0,0,0,0,1,1,0,1
again train late by an hour,0,0,0,0,1,0,0,1
rt sh vishvesh chaube gm nr undertook surprise inspection of new delhi stn amp took stock of passenger amenities of tra�?¢,0,0,0,0,1,0,0,1
rt national train enquiry system is not updating localtrain running info properly,0,0,0,0,1,0,0,1
bought st class ticket of western rly local train board oldest train running on d li,0,0,0,0,0,0,0,1
on board housekeeping info stickers tampared no housekeeping and rain water comming through windows,0,0,1,0,1,0,0,0
very very dirty toilets dbrt rajdhani express coach b never expected this in rajdhani train,1,0,1,0,0,0,0,0
toilet very dirty in s coach of saraighat express contents of toilet are over flowing,1,0,1,0,0,0,0,0
water being wasted at ltt mumbai no action taken by the station master,1,0,1,0,1,0,0,1
very dirty kamakhaya plateform no see d mentally retaired people n bagger at plateform no cleaning,1,0,1,0,0,1,0,1
i m on train anvt patna suvidha with dynamic fare paid rs for sl with no pantry amp this train is late,0,0,0,0,0,1,0,1
tweet no suburban central trains late again by mins during peak hour jam packed made in india,0,0,1,0,0,0,0,1
i am travelling by nauchandi express the train is already late by hours causing great inconvinience,0,0,0,0,0,0,0,1
charging rs etc per water bottle and behaving badly,0,0,1,0,1,1,0,0
why there is no announcement for which was schedule to reach at panvel at pm on please respond,0,0,0,0,0,0,0,1
immediate medical assistance needed at kanpur rly st in brahmaputra mail gen coach near engine,0,0,1,0,0,0,1,0
cant justify this station approval the distance is only kms this place is reserved mentalhospit�?¢,0,0,1,0,0,0,0,1
complaint for non allocation of lower birth to senior citizens not responded mail sent on may,0,0,0,0,1,0,0,1
sir i have examination in kolkata on conducted by wbpsc my ticket not confirmed pnr no pls help me,0,0,0,1,1,0,0,1
rt never has love tasted so salty sweet never has fate burned so hot pick up your copy o�?¢,0,0,0,0,1,0,0,1
plz stop this they are carrying goods without tickets in down lalgola memu nw,0,0,0,0,1,0,0,1
sorry for inconvenience matter noted,0,0,0,0,1,0,0,1
sir water bottle for rs and tea for at villupuram jn take action,0,0,1,0,0,1,0,1
sir fir has been lodged by grp varanasi vide cr no nil u s ipc has been transferred to grp kiul,0,0,0,1,1,0,0,1
paschim express vendor doesn t give food as per the menu nd doesn t give rail neer watervendor is mr aggarwal,0,0,0,0,1,1,0,0
sir wt shall consumer do if irctc doesn t take care of issue thr telephone customer support is worst ever exp gt,0,0,0,0,1,0,0,1
sir tatkal tickets closed within few seconds after one hour agent will sales the ticket rs extra from base rate kindlyclose,1,0,0,0,1,0,0,1
sirohi rajasthan railway counter hacked by unauthorized agent poor public facing problem no governance,0,0,0,0,1,0,0,1
wish the food had not been unpalatable amp unhygienic toilets so unclean c train travel is an ordeal,1,0,0,0,0,1,0,1
sir staff caught by ttr in yesvantpur blr no platform ticket asking fine of rs is it right amount,0,0,1,0,1,0,0,1
irctc website was better in lalu s time for common man plz allocate sometime for tatkal quota for common man,0,0,0,0,1,0,0,1
they will not give reply doon caterer r habitual offenders n u w¢,0,0,0,0,1,0,0,1
no proper maintenance in samatha express light and fan not working at pnr,0,1,1,0,0,0,0,1
rt sir sri mohd jamshed mt sri p guha principal ed coachg ° kindly re¢,0,0,0,0,1,0,0,1
we are follow to pm idea stop corruption thanks to ministry of railway for stoping tatkal ticket corruption thanks,0,0,0,0,1,0,0,1
trying to connect to irctc since am for tatkal but couldn t even login,0,0,0,0,1,0,0,1
pls see how the train at delayed tvc mas sf schde pm kollam arrived station at ¢,0,0,1,0,0,0,0,1
veg thali you paid rs only,0,0,0,0,1,1,0,1
quality of food at its worst pnr train doj cc ldh ndls dep maitali c c,0,0,0,0,0,1,0,1
vendor is asking more price than actual price list chappati egg rice everything high price looting ppl money,0,0,0,0,1,1,0,1
train no currently delayed by hours i hve connectng train to catch frm new delhi station help,0,0,0,0,1,0,0,1
pnr b mobile no drunkard passenger sitting beside me harassing my f¢,0,0,0,1,0,0,0,1
booked tkt days early in train num i coudnt get confirm plzz sir help me my seat num is s,0,0,1,1,1,0,0,1
my sister is traveling by train no train is hours late ¢,0,0,0,0,0,0,0,1
pnr railway caterers not providing menu card for food kindly help train at hazrat nizamuddin,1,0,0,0,1,1,0,1
very poor facilities in mahanama express with no water and broken taps in sleeper coaches train running late by approx hr,0,0,1,0,0,0,0,1
sir what about the matter that i tweeted you still no progress in resuming train no,0,0,0,0,1,0,0,1
train coach a nd ac at kota ac not working and no water parents not well please help,0,1,1,0,0,0,0,1
sir the train status is bit confusing,0,0,0,0,1,0,0,1
kids age the seats allocated are in coach no and please help to get seats in single coach,0,0,1,0,1,0,0,1
rt rt yourself to a among the fae this amp be w ¢,0,0,0,0,1,0,0,1
medical issue need ac coach atleast to sbp if anyth possible plz help train pnr ready to born any extra cost,0,1,0,0,0,0,1,1
sorry for inconvenience your complaint will attended at cnb stn,0,0,0,0,1,0,0,1
train no coach s seat no fan is not working,0,1,1,0,0,0,0,1
nowater in s coach of purusottam exp just deparyed from allahabad,0,0,1,0,1,0,0,1
thanks a lot for your very good activities for the railway passangers safe journey,0,0,0,0,0,0,0,1
i did typo error for pnr as i typed rajukmar instead of rajkumar while booking a tatkal please advise what shd i do,0,0,0,0,1,1,0,1
paranthas rotis are not baked properly i dont understand why bread cutlets are served in breakfast who likes it,0,0,0,0,1,1,0,1
name ahmad ali d sheat no,0,0,0,0,1,0,0,1
water being wasted at ltt mumbai no action taken by the station master,1,0,1,0,1,0,0,1
booked goods as luggage on nov from from to be sent to goods still not despat¢,0,0,1,0,1,0,0,1
mam said missing lady could not be traced despite best efforts pl lodge missing report with grp dhanbad,0,0,0,1,1,0,0,1
pnr the food quality is very low in this train please improve,0,0,0,0,0,1,0,1
just starting rain central line is running late great arrangements by mumbai local train service hats off,0,0,0,0,0,0,0,1
the flagship trains like duronto are delayed platform is changed last minute total anarchy,0,0,1,0,1,0,0,1
st stop ho quota of seats you offer in¢,0,0,0,0,1,0,0,1
mistake made by my staff by not taking platform ticket but no reciept given for fine paid in yesvantpur blr,0,0,1,0,1,0,0,1
sir vendor in paschim serves only rd standard bad water refuses rail neer,0,0,1,0,0,1,0,0
attend wbpcl civil engg paper at kolkata at at am train no late hours can i get any help,0,0,0,0,1,0,0,1
stuck between bijwasan amp ggn regular late running train,0,0,0,0,1,0,0,1
when train number is coming at am so why train number is late by hours,0,0,0,0,0,0,0,1
happy with today s journey train was on time,0,0,0,0,1,0,0,1
meals on wheels horrible food delivrd by comesum costing asked chhapaties thali but delivrd combination of both,0,0,0,0,0,1,0,0
if a person buys ticket online and if its not confirmed then why that ticket is not a v¢,0,0,0,1,1,0,0,1
fans is not working in train coach no s berth no train is arrived at ppta patliputra station,0,1,1,0,0,0,0,0
i want to draw your attention about train running late i ve reservation on train yday this t¢,0,0,0,0,1,0,0,1
pnr very bad situation all unreserved passengers sitting in resrvation coach causing inconvinience to passengers,0,0,1,0,1,0,0,1
train no has started hours late itself it has caused immense inconvenience and loss pnr,0,0,0,0,0,0,0,1
no more common people can book ticket from patna to bangalore in tatkal when booking ticket seat available,0,0,1,0,1,0,0,1
s coach train number no cleaning of washroom in yashwantpur,1,0,0,0,0,0,0,1
even the superfast trains are not equipped with pantry cars,0,0,1,0,0,1,0,0
sir it s i ve been waiting for train for last hr actual arrival no announcements for delay,0,0,0,0,1,0,0,1
sir it is a matter of great satisfaction that u r missing grandfather is safe and reached home safely,0,0,0,0,1,0,0,1
complete mess at western track in mumbai trains r coming late over crowded,1,0,1,0,0,0,0,1
rajdhani even getting so late,0,0,0,0,1,0,0,1
rt hello sir mai is time malwa express train number me hu abhi vendor se food ke rate pucha usne�¢,1,0,0,0,0,1,0,1
train no no water in train in tap look into matter,0,0,1,0,1,0,0,1
train how does irctc serve pathetic veg cutlet full of breadcrumbs in amp out no taste at all,0,0,0,0,0,1,0,1
rt a highland moon enchantment by mary morgan via,0,0,0,0,1,0,0,1
rt all commodities have registered robust growth with steel at cement containers iron ore and coal ¢,0,0,0,0,1,0,0,1
please share train no,0,0,0,0,0,0,0,1
i asked for bpt tickets but bilimora station clark hemantbhai refused to give need hel,0,0,1,0,1,0,0,1
what do you mean by n a,0,0,0,0,1,0,0,1
my pnr is train number very bad experience with badding just wrapped in paper not even washed,0,0,0,0,1,0,0,1
pls arrange water in toilets in train no at ab coach,1,0,1,0,0,0,0,1
sir missing report has been lodged by grp ajmer vide no dt,0,0,0,1,1,0,0,1
in train no swatantrata senani express people from pantry car selling rs water bottle in rs,1,0,1,0,0,1,0,1
is gettin furthr late aftr kanpur late hrpls care,0,0,0,0,1,0,0,1
dunno y cancellation charges are levied on auto cancellation of tatkal w l tkts,0,0,0,0,1,0,0,1
train is very much dirty so i requesting to you to clean the passenger trains also as well as sf rajdhanis,1,0,0,0,0,0,0,1
sir i requested fr wheelchair fr my old mother on bareilly station but no help provided i m disappointed,0,0,1,0,1,0,1,1
instead of giving bread sticks u can provide rusk cubes which is indian culture most of them dnt know hw to eat,0,0,0,0,1,1,0,1
why train is standing at naini jn for hours some one must be accountable for delay of train,0,0,0,0,1,0,0,1
pnr vry rude rail on wheel caterng vry late in servce till nw didnt get dinner,0,0,0,0,1,1,0,1
pnr no seat no train name west coast exptrain no place is not clean,1,0,1,0,0,0,0,1
res sir rewa madhya pradesh ke platform no par jo bhi vendors hai sabhi printed mrp se jyada rs buyers se le rahe hai,0,0,1,0,1,1,0,0
no water in s coach amp no on time train delay hr only duvidha in this train charges rs for what itarsi cross,0,0,1,0,0,0,0,1
had booked tatkal ticket for today s train w l is chart prepared what is the refund procedure,0,0,0,0,0,0,0,1
sir charging slot is not working my id pnr trn dt frm pune to pptacls slp s,0,1,1,0,0,0,0,1
rt sir i am travelling in coach d seat no in sorry to say that wastewater of washbasen is coming into¢,1,0,1,0,1,0,0,0
pnr train b charger point is not working plz get it fixed,0,1,1,0,0,0,0,1
very dirty toilet in coach b of exp pls pls pls do something pnr divyanshu mob,1,0,1,0,0,0,0,1
pnr sir i have a medical pro sprain in my leg nd my tckt cnfrm in rs pl help me for this pro,0,0,0,0,1,0,1,1
s n s toilet choked up staaled at cheeoki for past hour,1,0,1,0,0,0,0,0
take some serious action on these people who is not understand rules and l¢,0,0,0,0,1,0,0,1
total irctc website is down unable to book tatkal site is not reachable form last one hours,0,0,0,0,1,0,0,1
bad quality food catered at kgp into bbs ndls rajdhani it not categoriesed as average standard also,0,0,0,0,0,1,0,0
if u want ticket print i can dm to u for pnr etc u can also check whether refund has been processed to¢,0,0,0,0,1,0,0,1
at last got ticket from lko but how i travel from mb to lko is a question and you have to ans this,0,0,0,0,1,0,0,1
till now no action has been taken,0,0,0,0,1,0,0,1
everyday magadh exp running late to hrs without any reson is anyome have responsibility p¢,0,0,0,0,1,0,0,1
no proper water supply in wash basin also the area is unclean pnr kindly assist,1,0,1,0,1,0,0,1
forgot my laptop bag in s seat no train no pune to jaipur at jaipur stn with cards n laptop and some cash,0,0,1,0,0,0,0,1
rt never has love tasted so salty sweet never has fate burned so hot pick up your copy o¢,0,0,0,0,1,0,0,1
pnr a seats ticket printed as lb ub on tickets but in ac and are side seats is that possible,0,1,1,0,0,0,0,1
torn seat pnr filthy environment need some action to be taken,1,0,1,0,0,0,0,1
purushottam express pantry is not serving food rather they serving some comesum food plz clarify sir,1,0,0,0,1,1,0,0
sir plz help to confirm my st ac ticket of pnr sir its imp anyhow plz help if poss any lower ac seat plz confirm,0,1,1,1,0,0,0,1
plz do favour for jaunpur jn jnu one more foot than over bridge but covered coaches¢,0,0,1,0,1,0,0,1
kindly look into this,0,0,0,0,1,0,0,1
why dont you tag the concerned guy like mr,0,0,0,0,1,0,0,1
ald jn never looked so clean,1,0,0,0,0,0,0,0
user id macrohit date of booking,0,0,0,0,1,0,0,1
night lamps not working s poor maintenance,0,0,1,0,1,0,0,0
train no rajdhani express for sure need drastic improvement pathetic food dirty coach foul smell washrooms,1,0,1,0,0,1,0,1
this is our security train no today gaurd sleeping during train is runing,0,0,0,1,0,0,0,1
pltfrm pnbe sels evry sftdrnk amp evn railneer at mrp,0,0,0,0,1,1,0,1
the condition inside s general bogey is worst than animals people are forced to sleep at doors please do smth,0,0,0,0,1,0,0,1
sir i am travel bza to nzm pnr no is fan not working please help,0,1,0,0,1,0,0,1
travelling by train my pnr seems more like a general coach instead of a reserved one,0,0,1,0,0,1,0,1
pnr fan amp lights not working when train is in halt its very hot and stuffy please help,0,1,0,0,0,0,0,1
ac is not working properly in a coach in train no currently it is near jabalpur,0,1,1,0,0,0,0,1
pnr sir the ac is not working in my coach and the tte is not ready to make a refund receipt,0,1,1,0,1,0,0,1
matter forwarded to concerned,0,0,0,0,1,0,0,1
what a attitude of railway,0,0,0,0,1,0,0,1
banasthali niwai bnlw,0,0,0,0,1,1,0,1
in ongoing days all the facilities will be available in we proud of rail great start to provide baby food,0,0,0,0,1,1,0,0
ac is not working in b malwa super now delhi no need engineerpnr mob,0,1,1,0,0,0,0,1
after several mail and complain i didnt get refund for the cancelled ticker with pnr and after week,0,0,0,0,1,0,0,1
sir tea shop at platform no sa caterers in gadarwara station selling rs tea for rs,0,0,1,0,0,1,0,0
rules of british india still exist in railway lost section engineer job and junior engineer job bcz of medical standards,0,0,0,0,0,0,1,0
pl note nd ac a coach of sabarmati ac not working passengers getting sick of heat,0,1,1,0,0,0,1,0
late by hrs need catch coromandel m chennai plz help thr r many passngrs n kids who will suffer,0,0,0,0,1,0,0,1
thanks a lot for your prompt respons much appreciated,0,0,0,0,1,0,0,1
sir pnr my bogie toilets n washbasin blocked by few passengers n evn its dirty n no water in tap locatn burhanpur,1,0,1,0,0,0,0,1
it s good to see changes in railway but i am really amazed why customers are being charged for wait list cancelled ticket,0,0,0,0,1,0,0,1
sir eastern railway ki local ki halat kab sudhregi time pe to chorti nahi agr baje ki train ho to¢,0,0,0,0,1,0,0,1
sir kindly share your contact number with journey details and specify place¢,0,0,0,0,1,0,0,1
sir do something for old vendors who gave their service for long time n now they were retired forcely n r on hand to mouth,0,0,0,0,1,1,0,1
departed without water in a coach,0,0,1,0,1,0,0,0
pnr travelling tomorrow with wife n kid yrs tickets confirmed but berth unallocated can i get lower birth,0,0,1,1,0,0,0,1
sir can i board the rajdhani express on wait listed tatkal ticket,0,0,0,0,1,0,0,1
did receive refund for failed and canceled tickets on nd may transaction ids are and,0,0,0,0,1,0,0,1
b is th coach from engine,0,0,1,0,0,0,0,1
thanks for destination alert today in azad hind express at badneravery very good,0,0,0,0,1,0,0,1
pnr dirty and used blanket and used bedroll given no one is responding very bad,1,0,1,0,0,0,0,1
cleanliness guidelines should be set for all passengers amp should be ascertained that they r strictly followed,1,0,0,0,1,0,0,1
rt ð highlander hellcat ð quirky veterinarian ð â â ï,0,0,0,0,1,0,0,1
handbag has been stolen while travelling from delhi to warangal in train,0,0,0,1,0,0,0,1
no response from the staff had asked ac to be reduced its freezing cold in coach cu of pnr,0,0,1,0,1,0,0,1
trains in the bbs tig route are late by minimum hrs for a long time may we know why sir,0,0,0,0,1,0,0,1
sir t ac is not working pc is not their it is delayed by hrmi plz do something or plz don t start any special train,0,1,1,0,0,0,0,1
reservations date on which we have to go is june so plz reply as soon as possible thanks to railway,0,0,0,0,1,0,0,1
r you sure agents are not bkng tatkal tckts at am ac ac booked in jst mns,0,1,1,0,0,0,0,1
no water supply in basins for the hast hours contacted tt but all in vain pnr no,0,0,1,0,1,0,0,1
railminindia dear sir pnr no train no from chapra to new bongaigaon still showing waiting list i¢,0,0,0,0,1,0,0,1
why can t we make bookings on the app between am to pm i am a frequent traveller and will enable us to book tatkal tkts,0,0,0,0,1,0,0,1
officials concerned communicated about the issue,0,0,0,0,1,0,0,1
unbareble smell in es couch of,1,0,1,0,0,0,0,0
i missed my connecting train due to delay in first train on th june irctc is refusing refunds pls help,0,0,0,1,1,0,0,1
having ticket conflict contacted ticket collecter but all i vain pnr,0,0,0,0,1,0,0,1
why train no is made unnecessarily delay,0,0,0,0,1,0,0,1
from couple of months tatkal reservation is failing post online payment this causes unrest amp trouble among passengers,0,0,0,0,1,0,0,1
pnr pantry supplied pathetic food also no water in toilet and this is the rajdhani unable to reach,1,0,1,0,0,1,0,1
rt glad to inform amp confirmed from multiple sources the newspaper was not distributed by railways officially but cou¢,0,0,0,1,1,0,0,1
i m on general ticket counter on nhh stsn and clerk says tkt will be given min before train arrival is it rule,0,0,0,0,1,0,0,1
after longtime i am traveling in train vry neat and clean suprb service thank u sir,1,0,0,0,0,0,0,1
when i asked catering team y r u selling in higher prices they told extra money is given to higher officers,0,0,0,0,1,1,0,0
see this drug addicated lady abusing my mom at plateform no plz help,0,0,0,1,1,1,0,1
hubli express ordered thali in ac watery bhaji and watery dal thick rotis and low quality rice for rs,0,1,0,0,0,1,0,0
sir there is no water in coach can you pls do the needful pnr,0,0,1,0,1,0,0,1
there has been no improvements on food quality over the time and it looks forced to buy that food,0,0,0,0,0,1,0,0
i want to draw your attention about train running late i ve reservation on train yday this t¢,0,0,0,0,1,0,0,1
most dirt in railways come groundnuts moongfali waste and food waste plz make railways clean,1,0,0,0,0,1,0,0
no food no water tckt charged filthy bt suvida is worst than a summer spl dis service is pethetic train,1,0,1,0,0,1,0,0
why before am most tickets of latest date of ticket booking i e th oct has been sold out,0,0,0,0,1,0,0,1
i did massage to but noone replied yet pls sir i w¢,0,0,0,0,1,0,0,1
enjoyed awesum jurny frm mfp to aljn n paid fr ac instead of incredible indian railway n prabhu g,0,1,0,0,0,1,0,1
my mther suffering from cancer stge have to go tmh mumbai pls hlp me to get cnfrm brth pnr tn,0,0,0,0,1,0,1,1
pnr coach attendant misbehaving with passengers on asking for pillow for rac passenger snatched pillow from me,0,0,0,1,1,0,0,1
sir sent refund claim appl with tdr to chief comm manager refunds seron dec no refund received yet,0,0,0,0,1,0,0,1
sir i travel train this train no water no clear no any suvidha or train strat on time ftom ndls now hours late,1,0,1,0,0,0,0,1
tweet no first mumbai showers have made havoc as usual train stuck at matunga made in india,0,0,0,1,1,0,0,1
i have an interview to attend on th june please help me sir please sir i can t afford any other mode plz,0,0,0,0,1,0,0,1
runs late daily between surat to ankleshwar amp onwards request to do needful any doubt check ntes,1,0,0,0,1,0,0,1
thanks a lot for your prompt respons much appreciated,0,0,0,0,1,0,0,1
cleanliness across all stations of from coimbatore tiruppur erode salem jolarpet witnessed happy but speed,1,0,0,0,1,0,0,1
whole coach b is suffering in train no which just left hyderabad please take some action immediately,0,0,1,0,0,0,0,1
escalator is bad idea costly installation amp maintenance potential danger of safety amp corruption,0,0,1,1,1,0,0,1
hold up at jaipur due to non acceptance from agra division,0,0,0,0,1,0,0,1
please help me to get pnr confirmed as traveling with old parents amp months old baby,0,0,0,1,1,0,0,1
younger sister traveling alone frm ngp to vzm no rpf security personnel on board train no,0,0,0,1,0,0,0,1
can give you few pics of washroom experience was completely spoiled after great experience in sampoorna kranti,1,0,1,0,0,0,0,0
pnr train no s coach doesn t have lights coach overcrowded plz do smething mo,0,0,1,0,0,0,0,1
varanasi bound running shivganga exp vendor are selling mineral water other than rail neer iceling and pawan brand sold,0,0,1,0,1,1,0,0
why trains are running late even from source station pnr,0,0,1,0,1,0,0,1
mam u r bag could not be traced despite best efforts thanks for calling us,0,0,0,0,1,0,0,1
my father inlaw mr debendra mohanty working in balasore railway station in booking dept has lost his promotion,0,0,1,0,0,0,0,1
sir my ecatering order is not delivered in nasik road i want to make complain,0,0,0,0,1,1,0,1
train no bselling local water bottle in train rs print rs railneer not available please look,0,0,0,0,0,1,0,1
can t we restrict unauthorized person to enter in reserved classes of train,0,0,0,1,0,0,0,1
booked goods as luggage on nov from from to be sent to goods still not despat¢,0,0,1,0,1,0,0,1
that¢ s poor railways poor very poor ¢ ¯ ¢ ¯ ¢ ¯ ¢ ¯,0,0,0,0,1,0,0,1
rt now i am in train no pnr no my wife s hand bag stolen i lost my all medicine we both are patient,0,0,0,1,0,0,1,1
booked ticket for relative pnr filed tdr as he didn t travel got rejection reason passenger has travelled how,0,0,0,0,1,0,0,1
need water for drink no water bottle available in train plz help this passenger with her family s,0,0,1,0,1,1,0,1
kindly conduct routine ticket checking passenger train between saharanpur to delhi via meerut lost of people without ticket,0,0,0,0,0,0,0,1
grp of ppl with help of police capture first part of general bogie of today s train can u do smthng,0,0,0,1,1,0,0,0
train cleaners onboard goa mumbai double decker just emptied waste bags from running train near vikhroli in mumbai,1,0,0,0,0,0,0,1
i have lost my baggage in train and rail police refuse to file fir the material inside bag worth lakhs,0,0,0,1,0,0,0,1
just had dinner at b amp very poor quality of food when asked for the menu i was told it s the same,0,0,0,0,1,1,0,0
railway vendor in sampark kranti selling sprite cold drink for rs but it s mrp is rs,0,0,0,0,1,1,0,1
thank for your reply,0,0,0,0,1,0,0,1
rt train already departed itarsi matter forwarded to concerned,0,0,0,0,1,0,0,1
rt we are thankful on behalf of the people of¢,0,0,0,0,1,0,0,1
rt read construction of manila clark railway project to start soon the contract for the construction supervision and¢,0,0,1,0,1,0,0,1
train arrived ddn at am i e hr late but ntes shows no delay,0,0,0,0,0,0,0,1
boarded train number starting from new delhi station b compartment is completely dirty,1,0,1,0,0,0,0,1
aadhar will help railway in many ways during accidents and other incidents plus you have the perfect info of,0,0,0,1,1,0,1,0
rt ask them to join under the dynamic leadership of and fight for j¢,0,0,0,1,1,0,0,0
the western railways in mumbai are delayed by min and is halting between stations for long intervals due to min rains,0,0,0,0,1,0,0,1
sir trn me led light kyu nai lgwaya aapne,0,1,1,0,0,0,0,0
sirpnr b seat no train no there is no one to listen for increasing ac temp we are feeling cold,0,1,0,0,1,0,0,1
sir ex_ dec started hr late further delayed by hrs while reaching ald req help to re¢,0,0,0,0,1,0,0,1
pls advised me what to do my railway tikit stolen for tomorrow journey how can i travel i got them from window of jaipur sta,0,0,1,1,0,0,0,1
sir my train no coach no is s is and my seat is near toilet and its very dirty and nasty,1,0,1,0,0,0,0,1
kindly provide tea in kulhad instead of plastic glass,0,0,0,0,0,1,0,0
we r facing problems regarding water bottles carrying by vendors they r not carrying rail neer train no cntc,0,0,1,0,0,1,0,1
dear sir ac not working in b coach pnr train doj,0,1,1,0,0,0,0,1
ajmer exp some people¢,0,0,0,0,1,0,0,1
sir der is a problm regrding cancllation for ticket pnr i have mailed ur deprtmnt hr b deprture of d train,0,0,0,0,0,0,0,1
help about failed transaction trans id after booking ticket,0,0,0,0,1,0,0,1
cleaning staff is now cleaning coach s floor in regular intervals,1,0,1,0,1,0,0,0
this guy is missing on tuesday name avinash singh age plz help to find out,0,0,0,0,1,0,0,1
tiger xpress looks amazing thought prices are bit on higher side,0,0,0,0,1,1,0,1
hpy gv clniness review on trn bt stl wter btls being sold at instead of no railneer avlbl at agra mathura jn,1,0,0,0,1,1,0,1
evry mnth i remind abt a project inaugurated by suresh ji himself in ballia home of late pm,1,0,0,0,1,0,0,1
train will arrive here in hour please do something so that the ticket do not get alotted to another person please help,0,0,0,0,1,0,0,1
sri sir tatkal reservation me dalali pratha kab band hoga sir janta trast aur aap mast kyo sir,1,0,0,0,1,1,0,1
sir think of changing menu in ndls bct nzm bct rajdhani since long same veg nv meal amp snacks r being served,0,0,0,0,1,1,0,0
pnr dirty and used blanket and used bedroll given no one is responding very bad,1,0,1,0,0,0,0,1
pnr bag lost wid all valuables docs money clothes grp denied fir at jhansi pls hlp,0,0,0,1,1,0,0,1
i am on lucknow stn for no announcements for delay,0,0,0,0,1,0,0,1
has amazing environment friendly intitiatives deccan herald,0,0,0,0,1,0,0,1
respected sirs thank you for quick action and response i rahu�?¢,0,0,0,0,1,0,0,1
pnr called up time but no response from executive are fulls they dont know what to answer prabhuji,0,0,0,0,1,0,0,1
no water in b b b b coaches in train no,0,0,1,0,0,0,0,1
in train fan not working coach s seat no help please,0,1,1,0,0,0,0,1
really disappointed sir any suggestions,0,0,0,0,1,0,0,1
my id for irctc been blocked and i am trying all ways to unlock it and no help after a long time i wanted to use rail but no,0,0,0,0,1,0,0,1
i m travelling by ltt vskp express in second ac a coach cleaning was not don properly can see dust,1,0,1,0,0,0,0,0
trvlng in upasana exp fm ddn hwh never seen such dirty train toilet stinking n water continus falng fm tap dustbn ovrflwn,1,0,1,0,0,0,0,0
at thanesar city tnde temp c and no water in the water cooler please do something,0,0,1,0,0,0,0,1
acs not working pnr tt not responding positivelt what do we pay for,0,1,1,0,1,0,0,1
sir fir lodged by grp nagpur vide cr no u s ipc has been transferred to grp mughalsarai,0,0,0,1,1,0,0,1
sir also gv tr in this way these tr pass but not come in track last yrs,0,0,1,0,0,0,0,1
did not receive refund for failed and canceled tickets on nd may transaction ids are and,0,0,0,0,1,0,0,1
tried to book tatkal twice on irctc last amp june faced external message error aftr faild trnsctn pls upgrade the server,1,0,0,0,1,0,0,1
very strict rules n monitoring require maintain cleanliness platforms specially in mumbai all r spitting,1,0,1,0,1,0,0,1
water scarcity in rail town chittaranjan also please help people there,0,0,1,0,1,0,0,1
tdr filed on jan but didn t get refund yet pnr slill showing under process,0,0,0,0,1,0,0,1
only paid toilet on parbhani rly station amp it was also closed fr morning where to go ladies for toilet,1,0,1,0,0,0,0,0
is getting late by late my parents will miss ap exp at jhansi please do the needful,0,0,0,0,1,0,0,1
for no reason patna hatia witheld at ranchi jn since min plz do chk,0,0,0,0,1,0,0,1
sir i m unable to cancel tckt pnr boarding stn is ndls amp chart hasn t been prepared,0,0,0,0,1,0,0,1
pnr train sandesh r nayak s worst toilet maintenance ever seen in any train,1,0,1,0,0,0,0,1
we n train ac neither the ac is working nor we have basic amenities what do we do and hot too,0,1,0,0,0,0,0,1
pnr train status running yet chart not prepared waiting for confirmation since longfacing trouble,0,0,0,1,0,0,0,1
i m sending u my irctc msg that i received after booking ticket hoping that u might take some action in this matter,0,0,0,0,1,0,0,1
water pipes in ramanathapuram railway station rmd is damaged passengers suffer without drinking water supply,0,0,1,0,0,0,0,0
even at gwalior no action for cleaning the a coach of train no,1,0,1,0,0,0,0,1
eatables are sold at railway platforms at much higher cost than mrp e g water bottle mrp rs but sold rs pl contrl,0,0,1,0,0,1,0,0
you hav ans sir why irctc fails it makes me frustrating now how could i go hr journey with general tkt,1,0,0,0,0,0,0,1
it is not applicable in other xonal railway,0,0,0,0,1,0,0,1
travelling in ac chair car the condition of the coach is too poor all the seats require replacement,0,1,1,0,0,0,0,1
plz kya rakdhni express nagpur waali mnts k liye delay kar sakte hai,0,0,0,0,1,0,0,1
kindly share pnr number matter forwarded to the concerned officials,0,0,0,0,1,0,0,1
plz start unique scheme pm rail vikas yojna and connecting each other indian city with rail network,0,0,0,0,1,0,0,1
train is late frm anvt no announcement and no info to passengers is not able to answer about it,0,0,0,0,1,0,0,1
no cold water bottles in shtbdi attndt sys wait hr aisi aati hai y shd i hav to wait or pay rlwys,0,0,1,0,1,1,0,0
it has become a common practice by vendors at all railway stations to charge more,0,0,0,0,1,1,0,1
sir i think by using irctc railway making fool to passengerat the time of booking they are giving option for food but,1,0,0,0,1,1,0,1
audio system at charbagh railway station is very poor no announcement can be heard clearly,0,0,1,0,0,0,0,1
train no varanasi to jat getting rs tea and rs per veg thal does irctc practices these rates of catering,1,0,0,0,0,1,0,1
kindly share your correct pnr for further action,0,0,0,0,1,0,0,1
marudhar exp is hrs late have to catch ala hazrt exp in jaipur which is also late will miss ala by min plz help,0,0,0,0,1,0,0,1
wonderful food being served in the train there is no mechanism to dispose of the waste plastic plates etc,1,0,0,0,0,1,0,1
train no running damn inordinate late amp passengers are exhausted completely pl do the needful asap,0,0,0,0,1,0,0,1
how can one faith on indian rail dealy up to hours can anyone explain the reason for delay hope for a reply from god,0,0,0,0,0,0,0,1
the train has stoped at navsari platform but no one is here to see,0,0,1,0,0,0,0,1
pnr no travelling with rac ticket there are too many without ticket are travelling i m still on rac,0,0,0,0,1,0,0,1
in phaphamau railway station the staff of ticket booking are very lazy and irresponsible need some concern there sir,0,0,1,0,1,0,0,1
noted sir matter fwd to,0,0,0,0,1,0,0,1
pnr rac birth allotted any chance of getting confirm birth tte says no birth vacant foul play suspected l,1,0,0,1,1,0,0,1
train coach s suffering frm bad smell coming out through toilet wil b reaching dawangere next pls help,1,0,1,0,0,0,0,0
water cooler of platform no also not running mcb is down plz see,0,1,1,0,0,0,0,0
no police patrolling in suspicious people thieves jumped before adi pantry car people selling water at more than mrp,0,0,1,1,0,1,0,0
sealdah rajdhani n half hour late m to pm bt still nt train in platform,0,0,1,0,0,0,0,1
so much load for plate form ticket only one window operating at new delhipathetic,1,0,1,0,1,1,0,1
sir rail neer in platform charing us rs place madurai jn platform the reason they are saying it is outside kiosk price,0,0,1,0,0,1,0,0
sir there is no water in train toilets amp toilets are not cleaned in train no now at daund jn,1,0,1,0,0,0,0,1
thanks for the reply pnr,0,0,0,0,1,0,0,1
sir i journey by train in s coach water not available please filling water in s pnr no,0,0,1,0,0,0,0,1
arrived shahjehanpur at pm but rail cris shows minutes delay from schedule time pm why false information,0,0,0,0,1,0,0,1
pnr train with children train fully occupied by unauthorized passengers that we cannt able to go to toilet,1,0,0,0,0,0,0,1
rt sir i am travelling in coach d seat no in sorry to say that wastewater of washbasen is coming into�?¢,1,0,1,0,1,0,0,0
the train no from ndls to jogbani bihar is running late hours daily please instruct to regulate it,0,0,0,0,1,0,0,1
why the train no has been delayed by more than hours at the source making it difficult to board by am,0,0,0,0,0,0,0,1
no progress i m tweeting again again but there is nighter any solution nor any reply ghate ho gaye ghante aur hain,0,0,0,0,1,0,0,1
non compliance of rule at delhi railway station by policeman ajay kumar he is leaving people without scanning goods,0,0,1,1,1,0,0,1
travelling in train number s coach no water in toilets since morning plz help train has reached shamstipur jn,1,0,1,0,0,0,0,1
i placed an order on food on track amp made the payment online neither the food was delivered nor a refund was made help,0,0,1,0,0,1,0,1
sir my pnr no train no bbs rajdhani i have waiting list plz help me in getting a berth,0,0,1,0,1,0,0,1
bhopal by hrs and arrived at jhansi at hrs and now it is going to much late as it is moving towards lucknow pls check,0,0,0,0,1,0,0,1
this guy at raipur st cg denied to give me ticket and also told other staffs to not give me ticket,0,0,0,0,1,0,0,1
sir plz make sure that dhr is not neglected cz later it might become a parking lot,0,0,0,0,1,0,0,1
here at palanpur gujarat vendor name vasu mal amul parlour i got amul masti dahi for,1,0,0,0,1,1,0,1
traveling in s coach toilets are not clean ladies are not able visit toilets,1,0,1,0,0,0,0,0
train delays and very dirty lavatory area expected better after years in ministry,1,0,0,0,1,0,0,1
suvidha delhi barauni express train no no water in toilets dirty toilet plz helppnr,1,0,1,0,0,0,0,1
cannot connect wifi at chennai central and vendors selling at more prices than displayed on platform no,0,0,1,0,0,1,0,0
anand vihar haridwar express stopped sahibabad rly stn since min pls do something,0,0,0,0,1,0,0,1
hello sir myself a common man i would like to bring to your notice it s high time for tatkal procedures to be revamped,0,0,0,0,1,0,0,1
today i am book to ticket irctc server is not work to show to site is not rechable why site is not open to in last two day,0,0,0,0,1,0,0,1
train no is delayed by more than hr in between of burwal junction to gonda junction,0,0,0,0,0,0,0,1
i m from kolkata but stuck in patna with my kids not able to book tickets from tatkal quota even,0,0,0,0,1,0,0,1
no water supply in toilets and lavatory coach g train no tte helpless pnr,1,0,1,0,1,0,0,1
my pnr no pantry charging rs for water bottle which has printed rate of,1,1,0,0,0,1,0,1
pnr tatkal tick of rs for distance km amp traveled without bed roll attendant non cooperative and arrogant,1,0,0,0,1,0,0,1
my train ticket is this train time is am from sadulpur jn to shriganganagar jn,0,0,0,0,1,0,0,1
rt during april november this financial an incremental loading of over million tonnes has been achieved against�?¢,0,0,0,0,1,0,0,1
please supply only rail neer or branded water in train and station both vendor are charging rs bottle,0,0,1,0,0,1,0,1
kindly share pnr number,0,0,0,0,1,0,0,1
train date is in correct time or delayed plz inform me because i got some msg but no update online,0,0,0,0,1,0,0,1
hi train no allepey express coach s toilet tap broken and not cleaned please take necessary action thanks,1,0,1,0,0,0,0,1
sir fir has been lodged by grp palghar vide cr no u s ipc,0,0,0,1,1,0,0,1
doing great work but the people needs more and the passengers also should help railways for cleanes of coach,1,0,1,0,1,0,0,0
ac of ha is not working in vikramshila express drenched in sweat please help,0,0,1,0,0,0,0,1
ji aaj lucknow me water point start hua or aaj baje se lucknow station pr pani hi nhi h public pyasi,0,0,1,0,1,0,0,1
adi ptn dmu never comes on time it always runs late by hrs in noon consider our train as primary route thanks,0,0,0,0,1,0,0,1
sir today i have gone to palam ticket counter and ask for ticket on different date they told me ticket is issued for one,0,0,0,0,1,0,0,1
train no pnr train departed from hwh junction but water didnt filled in any boggy no water,0,0,1,0,0,0,0,1
snacks served in shatabdi from ahmedabad to mumbai not fresh it s smelling,1,0,0,0,1,1,0,1
for updated information please call,0,0,0,0,0,0,0,1
may i expect reasons before i get down from this train at thane or may i expect after c�?¢,0,0,0,0,0,0,0,1
sir plz clarify if no berth opted for a child passenger but half fare paid is the child entitled to meals like copassengers,0,0,1,0,0,1,0,0
matter has been already forward,0,0,0,0,1,0,0,1
uts application not working properly taking wrong birth date nt giving alerts after expired of pass taking next days date,0,0,1,0,0,1,0,1
traveling from amarpali express no water in toilet called so many time bt call nt s,1,0,1,0,0,0,0,0
sir same intimated to ongole platform electrical staff for rectification thank u,0,1,1,0,1,0,0,1
my mther suffering from cancer stge have to go tmh mumbai pls hlp me to get cnfrm brth pnr tn,0,0,0,0,1,0,1,1
coach no b people without ticket are in this coach jbrdsti baith rhe tt ki bt v nhi man rhe,0,0,1,0,1,0,0,1
thanks cleaning staff did not come till then our train arrived andwe left �?¢,1,0,0,0,1,0,0,1
dehradun station kae andar rail neer ke jagah bisleri ka paani bik raha hai please do something,0,0,1,0,0,1,0,1
dear sir brother is a cancer patient have to go patna a on june plz sir confirm the wl ticket pnr,0,0,0,1,1,0,1,1
train s heavily soiled dirty toilets senior citizens facing problem train reaching lalitpur,1,0,0,0,0,0,0,1
kindly share pnr number matter forwarded to the concerned officials,0,0,0,0,1,0,0,1
railway is cheating public if anyone reserving from nzm to bangalore and boarding in jhansi why catering charge is from nzm,0,0,0,0,1,1,0,0
hv bn tryin to buk tkts in tatkal quota bt erytim witin mints all tkts usd to buk in any class kndly prvnt unfair prctce,0,0,0,0,1,0,0,1
no water in the s compartment of ers pune express train ticket pnr no is need help,0,0,1,0,1,0,0,1
a sweeper supposed to be thief but the matter is out of the passengers cntrl pnr,1,0,0,0,1,0,0,1
this is just to bring into yur notice that bcoz of agents we r not able to book tatkal tkt from ranchi post office,0,0,0,0,1,0,0,1
sir railway parcel service tracking not working and we are not able to found out parcel status i parcelled my bike sbcers,0,0,1,0,1,0,0,1
further train no is nt clean bathrooms are nt properly cleaned in bathrooms ther is liquid soap percent water mixed,1,0,1,0,0,0,0,1
according to this pnr number your berth no is rac s amp attended by on duty tte,0,0,1,0,1,0,0,1
sir please resolve my issue of refund of pnr no i have not received my refund after gt days kindly look into this,0,0,0,0,0,0,0,1
selling tea of rs instead of rs and water bottle is selling of local company of rs pnr �?¢,0,0,1,0,0,1,0,1
sir thanks for calling us,0,0,0,0,1,0,0,1
my contact number is thanks,0,0,0,0,1,0,0,1
dear sir i am traveling in awadh assam exp pnr there is no water in washroom and so dirty coach,1,0,1,0,0,0,0,1
i am on ramnagar express an early morning train without pantry but food facilities required,0,0,0,0,0,1,0,1
pnr train hour late departure coach s brake chains not working my brother fell now injured,0,0,1,0,0,0,1,1
thanks for support and quick action,0,0,0,0,1,0,0,1
have lost my laptop bag in nzm indb on jan pnr no amp fir no,0,0,0,1,1,0,0,1
matter advised to concerned official for necessary action,0,0,0,0,1,0,0,1
pnr partly cancelled on st may no refund issued complaint ticket raised irctc on thjun,0,0,0,0,1,0,0,1
indian railway is improving its services thanks team railway,0,0,0,0,1,1,0,1
found a bag with no owner police not taking any action pnr,0,0,0,1,1,0,0,1
sbp div observed intl level crossing awareness day naukad natak by scout team,0,0,0,0,1,1,0,1
train number boggie ac b seat number need doctor help urgently please help asap mobile number,0,0,1,0,0,0,1,1
if railways can take such progressive steps then why can t agricultural n finance ministry,0,0,0,0,1,0,0,1
concerned rpf staff tte on duty was informed in this concern for taking appropriate action,0,0,0,1,1,0,0,1
pnr i ws lkng fr lwr birth but not alwd wn brded lwr birth was empty i trvld on lwr birth why this happens,0,0,0,0,1,0,0,1
we want passanger train between bharuch t�?¢,0,0,0,0,1,0,0,1
travelling from bpl to cwa due to urgent reasons had confirmed tier ac ticket,0,1,0,1,0,0,0,1
train no b here water is leaking from ac please do the needful,0,1,1,0,0,0,0,1
rt how can we respect people who lost life on they must be remembered in some manner whe�?¢,0,0,0,0,1,0,0,1
sir i hv mistyped gender in tatkal ticket fr mrow hw to crrct plz help otrwise my monety will go in vain,0,0,0,0,1,0,0,1
tryng to buk a ticket since days for my old and ailing grndfather agents askng k more for a sleeper ticket what to do,0,0,0,0,1,0,0,1
booked bedsheets when ticket online bt attendent not given trno pnr s amp,0,0,0,0,1,0,0,1
rly s only retwets when it s all praises them when thr r qstns or info nthng is rplied or retwtd vry sad,0,0,0,0,1,0,0,1
sir i m in sampoorna kranti s catering team is doing coruption they r selling rs item in rs,0,0,0,0,1,1,0,0
sir unable sit in gwl intercity express due to smell amp tempered seats v poor experience pl help,1,0,0,0,1,0,0,1
every where i see that how water is being wasted in railway st where is infrastructure,1,0,1,0,1,0,0,0
i am travelling in dbrt rajdhani exp no charging point on side lower upper berth this is not fair very bad experience,0,1,1,0,0,0,0,0
sir plz improve your uts services and support team also bcz i cnt trf my ac to new ph no proper support,0,1,1,0,0,1,0,0
pantry staff is not up to the mark in they are taking rupees for water bottle and not giving back rupees to yatri,0,0,1,0,1,1,0,0
sir please review the time table of bnaras bareiley exp its become bullock cart and running hrs late,0,0,0,0,1,0,0,1
madurai jn ac waiting hall paid service per hr ac not working other not enough,0,1,1,0,0,0,0,0
check out thief catcher on the prolific reader,0,0,0,0,1,0,0,1
another tweet same issue why train is delayed at ludhiana every single day by mins today again,0,0,0,0,1,0,0,1
water cooler of platform no re not working plz check mcb down,0,1,1,0,0,0,0,0
sir we have booked tickets in mahanagri exp but my mom is alone in s n we r in s pls help,0,0,0,0,1,0,0,1
need medical assistance for a child travelling in train no coach no b contact no,0,0,0,0,0,0,1,1
train c found fly in food food,0,0,0,0,0,1,0,1
fan s speed not decreasing we need help pnr,0,1,0,0,1,0,0,1
vendor simply overcharging for charging rs instead of rs printed mrp,0,1,0,0,0,1,0,0
sse telecom at msh will be send tomorrow dt,0,0,0,0,1,0,0,1
sir comesum h nizamuddin has served spoiled food today evening they should be penalise pl check amp do nedfl,0,0,0,0,0,1,0,0
train is at halt for the last hrs amidst of jungle wt the fkk is happening pnr,0,0,0,0,1,0,0,1
cant able to book tatkal ticket from pnbe to hwh but only unauthorized agent can book need help,0,0,0,0,1,0,0,1
mischief bundle sale story bundle f f amp m f pnr erotica,0,0,0,0,1,0,0,1
but it is not at all impressive to see the pantryman with tip collection tray in rajdhanis imagine same in ai,0,0,0,0,1,1,0,1
awaiting refund for pnr frm month plz help,0,0,0,0,1,0,0,1
meerut city station platform are relatively dirty sweeping required,1,0,1,0,0,0,0,0
pnr is many thanks beforehand,0,0,0,0,1,0,0,1
there is huge problm of chain pulling on delhi udz amp got late always plz look into this,0,0,0,0,1,0,0,1
thanks a lot indian railways the query has been resolved really mera desh badal raha hai namo namo,0,0,0,0,1,1,0,1
train rescheduled but still not depart its sad already hrs late,0,0,0,0,0,0,0,1
using irctc tatkal service ruined my journey poor server response website hang not open toady for min,0,0,0,0,1,0,0,1
in train coach s seat no fan not working plz help,0,1,1,0,1,0,0,0
window glass are not at all visible pls get this clean urgently pnr train doj a pku ltt dep,1,0,1,0,0,0,0,1
copassenger playing loud music not obeying the tt too sort it out pnr,0,0,0,0,1,0,0,1
getting a ac ticket m pune bhubaneswar vice versa is very much difficult via website,0,1,1,0,0,0,0,1
plz continue train no,0,0,0,0,1,0,0,1
please charge cancellation fee with a logical algorithm inr for cancelling a ticket within minutes is outrageous,0,0,0,0,1,0,0,1
an aged lady has been alloted upper berth in pnr no kindly see if any modifications possible,0,0,1,0,1,0,0,1
noted informed concerned department,0,0,0,0,1,0,0,1
spreading foodfor service at washdoors incoaches persistingin rajdhanitoo litterbinwith foodresidues kept closebyalso stopit,1,0,0,0,1,1,0,1
maveli express is always late by to minutes and ernakulam this is being noted for an year,0,0,0,0,1,0,0,1
i would like to thank your team for giving me such a wonderful experience of train travel salute to good work,0,0,0,0,1,1,0,1
no hygiene in secunderabad gorakhpur train all train smelling bad toilets are not maintained,1,0,0,0,0,0,0,1
hv cancelled tkt on may pnr refund amount of rs received today thank u tdr payment,0,0,0,0,1,0,0,1
talk to rpf head quater i am satisfied that they will provide full protection of tatkal reservation counter to general people,0,0,0,1,1,0,0,1
irlro welcomes decision on stn baby food stalls but r babies safe with drivers running trains w o time for foodrefnaturalcall,0,0,0,0,1,1,0,0
two copassengers fought brutally got a head injury his pnr,0,0,0,0,1,0,1,1
the cleanliness feedback overphone is appreciated but feedback for which station is not clearly mentioned,1,0,1,0,1,0,0,1
there is very slow air conditioning in ac coach no be train porbandar motihari pnr,0,1,1,0,0,0,0,1
paid bribe t c when t c askd fr ticket t c didnt gav any recipt train s nxt stp nd,0,0,0,0,1,0,0,1
its a shame dat despite of instructions from gm patna rail administration is idle in cleaning dis mesh,1,0,1,0,0,0,0,0
sir u r mobile phone could not be traced pl lodge missing report with grp,0,0,0,1,1,0,0,1
mam fir has been lodged by grp palghar vide cr no u s ipc,0,0,0,1,1,0,0,1
we all are in rac pnr no have children and medical practice all waiting list need help,0,0,0,0,1,0,1,1
paise legally sahi daam pe bech ke bhi kamay jaa sakte hai,0,0,0,0,1,0,0,1
intercity exp mg is getting late each day it is requested to make the stoppage of every exp train at am,0,0,0,0,1,0,0,1
dhauli worst train coach c ac not wrkng refund money why is this coach even there when ac nt working,0,1,1,0,0,0,0,1
persons with weapon robbed me in gawhatiexpress i lost my iphone i got all the details with proofs of the robberer helpme,0,0,0,1,1,0,0,1
i booked tdr on feb against ticket pnr no and i had not got any response till today,0,0,0,0,1,0,0,1
tweet no late again today during morning peak hours by mins jam packed made in india,0,0,1,0,0,0,0,1
sir i hv booked a ticket yesterday online from delhi to patna but it was not confirmed and money has also not been refunded,0,0,0,1,1,0,0,1
rt nr does not purchase national herald for distribution in trains ei�?¢,0,0,0,0,1,0,0,1
petition all you like if continually cut pso and under invest in public transport the travel¢,0,0,0,0,1,0,0,1
pnr trn dt frm mgs to ctc cls a p b sir i lost my shoes may be some one stolen,0,0,0,1,0,0,0,1
sir inconvenience regretted please lodge your fir if not lodged with grp and purs¢,0,0,0,1,1,0,0,1
pls see the status of this train starts late frm destination,0,0,0,0,0,0,0,1
matter notified to officials concerned,0,0,0,0,1,0,0,1
sir is there a way you guys track legal allocation of rac seats am travelling on a half seat pnr,0,0,1,0,0,0,0,1
pls confirm about my reservation or make my money refund,0,0,0,1,1,0,0,1
unremoved heavy bedrolls stinky smell pnr cleanup reqd,1,0,1,0,0,0,0,1
sir great thought jabse aap aayen hain rail to jaise pankh laga ke ud rahi hai thanks,0,0,0,0,1,0,0,1
platform no amp of needs to be cleaned immediately my pnr waiting,1,0,1,0,0,0,0,1
train no mangala express just boarded the train from panvel boggie no a the coach is not clean,1,0,1,0,0,0,0,1
sir there is local water bottle pawan aqua selling on new delhi rly stn no railneer railway looses its revenue,0,0,1,0,0,1,0,0
why the train start hours late from the beginning,0,0,0,0,1,0,0,1
train no s no water please address finding difficult seat no s,0,0,1,0,0,0,0,1
train number coach b a seat ub rats no cleaning no blanket,1,0,1,0,0,0,0,1
train stops at thane or not please reply,0,0,0,0,0,0,0,1
proper maintenance in samatha express light and fan not working at pnr,0,1,1,0,0,0,0,1
please help why can t we book tickets for train number not responding to emails�?¢,0,0,0,0,1,0,0,1
travelling in train no a till pm charging point is working now it s not working in whole compartment,0,1,1,0,0,0,0,1
pls print the menu of indianrailways on backside of the ticket,0,0,0,0,1,1,0,1
pregnant lady needs the help of some lady doctor immediately her pnr,0,0,0,0,1,0,1,1
asked about trn no to station master it was brought to notice that the train has a history of being late plz look,0,0,1,0,1,0,0,1
st stop ho quota of seats you offer in�?¢,0,0,0,0,1,0,0,1
sir ji what corrective action taken for long queue at reservation counter and dull booking staff very disappointing,0,0,0,0,1,0,0,1
dear sir i am travelling in train amp there is no water in toilets the condition of the train is worst,1,0,1,0,0,0,0,1
train no travelled on awy to otp in s tte collected sl charge not issued receipt,0,0,0,0,1,0,0,1
punitive action needs to be taken against vendors seling articles more than mrp tolfree no takes long waiting time aprox m,0,0,0,0,1,1,0,1
its shocking that nzm pune didn t have a first aid box when required an yr old waited mins for help to arrive,0,0,0,1,1,0,1,0
needtravel with my yrs old sick mother n yrs father medical purpose tickets nt confirmed pnr,0,0,0,1,1,0,1,1
is there a magistrate checking in women are in train as part of checking team but no id cards,1,0,0,0,0,1,0,1
sir almost days after i booked a ticket through irctc still haven t got the refund irctc asks me cont,0,0,0,0,1,0,0,1
train is with no pantry amp they were unable to find milk in ald could u please help next stop is satna�?¢,0,0,0,0,1,1,0,1
mam fir has been lodged by grp ahmedabad vide cr no u s ipc,0,0,0,1,1,0,0,1
sir my train ticket is not comform from abu road to mumbai my mother is sick plz help sir pnr no doj,0,0,0,0,1,0,1,1
pnr it was extremely difficult boarding the train and getting our seats from the unreserve�?¢,0,0,0,0,0,0,0,1
my mom a cancer patient lost her tatahospital smart card in train cont,0,0,0,0,1,0,1,1
paid for ac but feeling the hotness of railways negligence attention needed immediately pnr,0,1,1,0,1,0,0,1
train diverted from its actual route no knowlwdge of where the fuck are we being taken track us pnr,0,0,1,0,0,0,0,1
kudos to you sir mb s speed unbelievable you,0,0,0,0,1,0,0,1
please give the pantry menu and ratecard on line this will avoid manycontroversy during a train journey,1,0,0,0,0,1,0,1
sir my train ticket is not comform from abu road to mumbai my mother is sick plz help sirpnr no doj,0,0,0,0,1,0,1,1
hello sir we have booked ticket thro online and only my wife got in frm the boarding station i could joined ftm anthr station,0,0,1,0,0,0,0,1
tickets only on mobile is still not feasible please review it,0,0,0,0,0,0,0,1
i am sure that railwys only care abt posting on twittr and fb i posted my issue many times now and no reply,0,0,0,0,0,0,0,1
mobile stolen need help to track it pnr,0,0,1,1,1,0,0,1
sachkhand express late by hours just buying japanese trains won t help ir should learn f�?¢,0,0,0,0,1,0,0,1
rt deryk dragon hearts �?¢,0,0,0,0,1,0,0,1
this is our security when train is running pic of bbk lko amp train guard is sleeping at malhore,0,0,0,1,1,0,0,1
in bangalore no charges any circulars from railway ministry attach,0,0,0,0,1,0,0,1
kindly allow the mobile user s to book tickets during am also on irctc app currently the app is not useful,0,0,0,0,1,0,0,1
plz mk tte wear nameplats on duty or they ll be not authorize to chk ticket they dont wear nameplate amp tk money,0,0,0,0,1,1,0,1
running hrs late s coach dont have any water charging point not working,0,1,1,0,0,0,0,1
please share coach position for khushinager ex,0,0,1,0,0,0,0,1
hours journey completed in hrs excluding waiting time hrs u should take responsibility mostly trains late t�?¢,0,0,0,0,1,0,0,1
booked tatkal ticket with wrong gender details name and age are correct pls advise if something can be done,0,0,0,0,1,0,0,1
train no coach be ac not working from barabanki amp no one is listening to our complain,0,1,1,0,1,0,0,1
rt ask them to join under the dynamic leadership of and fight for j�?¢,0,0,0,1,0,0,0,0
thank you sir for sending your representative but he can t do anything plz charge more but provide good food,0,0,0,0,1,1,0,1
ind rail enquiry sys is down from last an hour unable to track train s location,0,0,1,0,0,0,0,1
sir i have lost my laptop bag in nzm indb on jan pnr no amp fir no till time nothing has been done,0,0,0,1,1,0,0,1
it s important to remember the eu isn t only a progressive force have a look at these eu data collection and shar�?¢,0,0,0,0,1,0,0,1
i was very frustated as my train was delayed for hrs,0,0,0,0,0,0,0,1
featured new releases from midika crane and anna lowe,0,0,0,0,1,0,0,1
rt why is procuring congress mouthpiece national herald priced a hefty rs piece amp providing it to�?¢,0,0,0,0,1,1,0,1
kindly look this matter into necessary action ncr,0,0,0,0,1,0,0,1
just a few drizzles and horbour line trains already late by minutes,0,0,0,0,1,0,0,1
great job gandhi ji ke bandaaeon,0,0,0,0,1,0,0,1
was booking ticket through irctc transaction dropped and didn t get any ticket but still amount is deducted help,0,0,0,0,1,0,0,1
dear sir pleasemake regular ticket checking in every trainthere are lots of ppl travelling without ticket commonly,0,0,0,0,1,0,0,1
pnr no traveling in train no coach g dirty bathroom and also no water in coach please help,1,0,1,0,0,0,0,1
jab se suresh prabhu rail minister bana h tab se train me ticket milana aur bhagwan se milana barabar ho gaya hai,0,0,0,0,1,0,0,1
no refund for w l ticket min before train departure logged a complain no refund,0,0,0,0,1,0,0,1
wow are you serious,0,0,0,0,1,0,0,1
rt read construction of manila clark railway project to start soon the contract for the construction supervision and�?¢,0,0,1,0,1,0,0,1
thanks a lot for showing quick response and helping my sister commendable job done,0,0,0,0,1,0,0,1
reported issue of water logging in velacheri mets station to drm no response pl take action,0,0,1,0,0,0,0,1
train no coach b bribe accepted by tt for allotting seat nos amp rac ticket not allotted seats,0,0,1,0,1,0,0,1
please direct the concerned plz plz plz plz plz plz,0,0,0,0,0,0,0,1
traveling by ndl chd shatabdi pathetic condition no water in toilets train runing late apparently without any reason,1,0,1,0,0,0,0,1
sir charging point is not working proper atandent telling what i do train no pnr coach b,0,1,1,0,0,0,0,1
sorry for delaymy contact no pnr,0,0,0,0,1,0,0,1
sir kindly look into train no already known to you highly prestigious train but delayed every running by avg h,0,0,0,0,0,0,0,1
why train always runs late this train has a history of running late currently hrs late,0,0,0,0,0,0,0,1
of coach nothing happened even jhansi has crossed train no coach a,0,0,1,0,0,0,0,1
at panipat railway reservation counter one window not working last days so far passengers suffering pls help,0,0,1,0,1,0,0,1
sir kafi trains ke coach main glass khidkiyaan poori bad nhi hoti hain so travel ke time thand lagti r�?¢,0,0,1,0,0,0,0,1
railway must write in every ticket that if you are travelling from important work don t travel by train,0,0,0,0,1,0,0,1
sir while making reservations we fill form and all details in it why not put an aadhar no related registration,1,0,0,0,1,0,0,1
sir thanks for calling us,0,0,0,0,1,0,0,1
bed rolls in ac bad overpriced food unmaintained toilets etc etc sorry to say the situation has,1,1,0,0,0,1,0,0
confusion or misprint but chd to allp was worst noac ntclean leaking in rain nowater,1,0,1,0,1,0,0,1
to improve hygiene amp sanitation before it starts offering food one cannot eat good food amidst stench,1,0,0,0,1,1,0,0
prabhu ko tweet karte hi min or late pahle min thi ab ho gai thanks,0,0,0,0,1,0,0,1
the app has serious problem a delay of more than mins is reported min late,0,0,0,0,0,0,0,1
i am unable to get tickets online since three months for varanasi to pune,0,0,0,0,1,0,0,1
respected sir please look into the matter of tatkal booking as middleman are eating away the tickets in abundance,0,0,0,0,1,0,0,1
ac not working in boarded from banaras to gorakhpur today,0,1,1,0,0,0,0,0
y can t railway inform beforehand abt any delay old parents r forced to wait for train no,0,0,0,0,0,0,0,1
my parcel is missing no from manmad to jalandhar city,0,0,0,0,1,0,0,1
ac amp fans are not working in lucknow mail we are facing much difficulties,0,1,1,0,0,0,0,1
without ticket traveller are also a big railway problem please do something to stop it,0,0,0,0,0,0,0,1
yesterday at about hrs a girl child got treatment by railway doctor in the boogie thanks ind rail and prabhu sir,0,0,0,0,1,0,1,1
in howrah main ticket counter is closed due to some repairing purposes but tvm r there but nobody is there to help the people,0,0,1,0,1,0,0,1
pnr guilty for travelin in rajdhani with such terible food amp horible sanitaries,0,0,0,0,1,1,0,1
pnr trn dt p j name praveen i boarding from nzm to brc no food service was provided,0,0,0,0,1,1,0,1
sir the condition of upper class waiting room at jodhpur is very horrible no ac working here,0,1,1,0,0,0,0,1
if a person buys ticket online and if its not confirmed then why that ticket is not a v�?¢,0,0,0,1,1,0,0,1
window pane jammed winter bone freezing cold pnr,0,0,1,0,1,0,0,1
standard meals charging rs in train my pnr no,0,1,0,0,0,1,0,1
kindly share pnr number matter forwarded to the concerned officials,0,0,0,0,1,0,0,1
pathetic condition of coach b in gkp pune express train no no one bothered to clean it pls help,1,0,0,0,1,0,0,1
rt add to your tbr shelf,0,0,0,0,1,0,0,1
train no which departed yesterday has sanitary and hygiene issues water leakage and not clean,1,0,1,0,0,0,0,1
train is with no pantry amp they were unable to find milk in ald could u please help next stop is satna�?¢,0,0,0,0,1,1,0,1
no water in coaches like s pnr mb,0,0,1,0,1,0,0,1
travelling from nagpur to newdelhi in trivendrum express n m chargd rs for a single veg thali by rail caterin plz explain,0,0,0,0,1,1,0,1
kindly look into the matter,0,0,0,0,1,0,0,1
train no maangalore mail general passengers in reserved compartment s difficult to reach bathroom please help,1,0,0,0,1,0,0,1
an aged lady has been alloted upper berth in train no pnr no kindly see if any modifications possible,0,0,1,0,0,0,0,1
aggressive copassengers need of immediate change of seat pnr,0,0,1,0,0,0,0,1
no water in coach please do something train no coach no b jammutawi durg exp next station is agra,0,0,1,0,0,0,0,1
while travelling on train no name duronto expres supervisor forced us to drink hot water,0,0,1,0,1,0,0,1